temperature,humidity,pressure,rain
27.5,41.4,1001.9,0
24.3,57.1,1006.7,0
28.2,63.8,1003.6,1
32.6,98.3,1007.5,1
23.8,78.3,1010.9,1
23.8,50.0,1021.4,0
32.9,77.3,1009.8,0
28.8,46.8,997.1,0
22.7,86.2,1024.4,0
27.7,62.9,1004.6,1
22.7,68.6,1012.4,1
22.7,89.9,1017.5,1
26.2,50.7,1015.0,0
15.4,49.0,1023.9,0
16.4,61.2,1017.8,1
22.2,85.6,1004.4,1
19.9,47.2,1034.8,1
26.6,27.5,1014.9,1
20.5,63.2,1011.5,0
17.9,78.3,1022.6,1
32.3,88.0,1015.5,0
23.9,63.1,1017.0,1
25.3,63.8,1037.9,0
17.9,87.3,1010.2,0
22.3,42.0,1009.8,0
25.6,64.2,1014.2,1
19.2,72.9,1023.7,0
26.9,76.7,997.9,1
22.0,62.4,993.3,0
23.5,70.5,1007.1,1
22.0,32.7,996.7,1
34.3,60.1,1008.8,0
24.9,76.8,1018.0,1
19.7,55.3,1004.1,0
29.1,70.9,998.7,1
18.9,76.7,1013.7,0
26.0,64.9,1021.6,0
15.2,72.6,996.1,0
18.4,55.6,1021.2,0
26.0,66.9,1021.2,0
28.7,79.2,1022.5,1
25.9,72.4,1025.2,0
24.4,61.2,1035.0,0
23.5,73.4,1009.4,0
17.6,80.7,1014.1,1
21.4,39.3,1008.8,0
22.7,87.4,1013.0,1
30.3,65.0,1028.3,0
26.7,76.4,999.5,1
16.2,88.0,1004.4,0
26.6,49.4,1026.8,0
23.1,59.4,1023.2,0
21.6,65.7,1009.4,1
28.1,58.2,1021.5,0
30.2,96.0,1016.4,1
29.7,57.1,1028.0,0
20.8,61.7,1013.7,1
23.5,73.1,1023.3,1
26.7,52.0,1039.4,0
29.9,64.1,1019.0,1
22.6,74.8,1013.5,0
24.1,65.0,1020.2,1
19.5,68.6,1009.3,0
19.0,62.1,1036.9,0
29.1,47.3,1014.8,0
31.8,74.8,1010.3,1
24.6,96.3,1004.6,1
30.0,70.3,1024.0,0
26.8,73.4,1021.7,0
21.8,80.4,1008.0,1
26.8,51.0,1018.8,1
32.7,95.5,997.9,1
24.8,73.0,1014.8,1
32.8,94.5,1017.5,0
11.9,59.0,1030.1,1
29.1,97.3,1005.3,1
25.4,81.6,1000.2,0
23.5,78.3,1004.0,1
25.5,73.5,999.6,0
15.1,66.3,1026.4,1
23.9,88.0,1028.5,1
26.8,72.1,1016.2,0
32.4,40.5,1025.2,0
22.4,53.2,1014.3,0
21.0,67.2,1012.0,0
22.5,74.6,1009.7,1
29.6,69.2,1009.9,0
26.6,88.3,997.5,1
22.4,40.7,1015.6,1
27.6,72.2,1012.6,0
25.5,42.7,1020.5,1
29.8,81.4,1013.9,1
21.5,68.6,1011.4,0
23.4,76.3,1004.3,1
23.0,57.0,1013.7,0
17.7,89.2,1020.4,1
26.5,85.6,1001.6,1
26.3,78.8,1013.9,0
25.0,68.1,1015.3,0
23.8,78.7,1005.8,1
17.9,59.4,1007.1,1
22.9,82.8,1015.3,1
23.3,94.7,1001.7,1
21.0,86.1,1016.5,0
24.2,59.1,1004.0,1
27.0,75.4,1023.6,0
34.4,50.6,1036.4,0
25.9,78.6,1004.4,1
26.3,76.8,1018.3,1
24.6,42.0,1005.7,0
15.4,52.6,1023.4,0
24.9,65.8,1000.3,1
25.3,65.5,1017.8,1
37.3,51.9,1004.3,1
24.0,75.8,1010.9,1
26.5,73.8,1002.7,1
24.8,67.1,1021.2,0
19.2,58.7,1004.6,1
30.7,85.7,1018.5,0
28.8,94.8,1009.6,0
29.0,62.7,1011.9,0
20.5,60.8,1014.5,1
32.0,77.4,1005.4,0
18.0,64.6,1015.1,0
27.9,67.9,1028.3,0
36.0,81.1,1005.2,1
20.0,41.4,1024.7,1
22.2,89.8,1028.0,1
25.5,71.1,1004.8,1
22.5,63.8,998.4,0
17.2,68.7,1016.0,1
25.3,69.4,1007.5,0
19.7,44.0,1031.7,0
27.4,92.4,1013.3,1
20.4,70.6,1005.0,0
32.7,76.6,1001.5,1
21.1,84.3,1023.9,0
23.4,54.7,1007.3,1
29.1,77.1,1013.4,1
18.8,66.0,1022.6,0
26.1,82.7,1008.2,0
31.5,38.1,1012.5,0
17.0,68.5,1012.8,0
25.9,61.0,1019.8,0
26.3,76.5,1018.9,0
28.9,77.1,1010.8,1
18.8,59.4,1013.6,0
18.4,59.3,1009.3,0
27.6,68.3,998.2,1
26.5,56.6,1015.6,0
26.3,82.6,1031.9,1
26.7,64.5,1004.2,0
21.6,26.4,1005.3,1
26.2,64.4,1004.3,0
26.5,54.4,1020.2,1
21.4,45.5,1017.5,0
34.3,51.4,1011.4,0
27.4,71.6,1003.8,0
19.0,89.9,1013.9,0
28.3,74.7,997.4,0
20.1,60.9,1014.4,0
28.9,76.8,1021.7,0
30.8,63.1,1000.5,1
20.9,59.6,997.7,0
29.8,52.7,1028.8,0
27.1,43.7,1006.9,1
29.1,64.2,1024.4,0
34.5,72.4,1011.5,0
23.8,68.6,1011.4,0
21.2,63.8,1017.4,1
20.6,55.8,1004.2,1
20.9,79.1,1014.3,1
24.6,50.2,1009.2,1
26.7,81.6,999.8,1
26.4,55.0,1016.4,1
29.1,58.7,1010.4,0
25.1,48.0,1011.4,1
32.3,62.5,1000.9,1
23.7,84.6,1028.9,0
38.6,77.7,1021.8,1
28.1,84.7,1022.6,0
20.7,77.8,1009.9,0
19.6,53.4,995.7,0
27.4,65.0,1032.5,0
23.9,58.3,1012.4,1
28.6,90.0,1005.5,1
27.4,52.0,1017.2,0
24.6,83.4,1024.7,0
20.8,83.4,1012.8,1
17.4,97.4,1025.8,0
22.8,63.9,1023.8,0
29.3,80.7,1002.2,1
26.1,104.2,1006.3,1
18.8,60.7,1022.6,0
25.9,47.0,985.9,1
26.9,41.8,1011.5,0
20.6,80.7,998.7,1
25.8,41.8,1008.2,1
25.3,64.4,1010.0,0
19.3,76.6,1009.4,0
26.8,72.8,1007.5,1
27.8,76.4,1002.0,1
30.4,73.3,1035.9,0
30.3,89.2,1031.7,0
18.1,55.7,1001.4,1
20.3,59.8,1028.8,0
27.6,58.4,1009.0,0
27.6,82.5,1014.3,0
27.6,83.5,1012.4,1
44.3,76.8,1006.4,0
27.9,87.8,1022.8,1
30.7,52.3,1014.3,1
29.8,95.0,1008.2,1
28.3,92.8,1000.0,1
23.4,81.0,1004.1,0
28.8,96.7,996.6,1
21.1,45.2,1013.1,1
23.8,62.1,1001.0,0
22.6,59.0,1010.3,1
25.4,80.8,1026.7,0
36.6,54.2,1025.0,0
15.7,81.4,1012.7,1
28.4,90.6,1012.1,0
16.9,80.4,1031.8,1
22.6,74.3,1018.2,0
30.4,55.2,1009.7,0
25.3,57.3,998.7,1
19.6,88.7,1016.9,1
21.4,81.7,1021.3,1
28.4,69.4,1006.7,1
21.3,63.7,1015.9,0
26.1,39.6,1009.4,0
25.2,53.9,1011.2,1
21.7,98.7,988.1,1
35.7,50.8,1010.8,0
28.2,72.8,1022.7,0
14.9,85.1,1006.7,0
25.9,51.2,1013.5,0
21.7,72.8,1005.4,1
29.3,84.1,1016.6,1
21.0,70.2,1010.8,0
24.4,113.0,1003.6,1
27.5,45.0,1026.3,0
29.3,85.9,1022.3,1
19.0,67.4,1007.0,0
23.3,81.6,1018.0,0
22.6,76.6,1018.4,1
21.7,59.0,1019.4,0
33.8,73.4,996.1,1
27.0,42.1,1023.1,1
18.7,79.0,1007.3,1
29.6,74.5,1009.4,0
35.6,79.6,1039.4,1
30.2,85.9,1016.0,0
17.4,75.5,1009.1,1
22.6,72.2,990.9,1
31.3,56.8,1026.9,1
21.5,59.3,999.5,1
27.2,87.8,1003.0,1
28.9,91.5,1009.7,0
20.4,66.4,1027.2,0
24.7,70.7,1020.7,0
8.8,56.4,1011.4,0
19.9,87.6,1016.1,1
23.7,80.0,1007.0,1
18.8,99.1,1014.4,0
33.2,56.8,1013.7,0
17.8,64.3,1022.7,0
22.8,73.5,1022.7,0
25.7,79.7,1017.9,1
32.2,66.8,1009.4,0
17.8,56.9,1020.4,0
30.8,83.2,1012.1,0
25.1,80.8,1002.2,1
20.1,56.3,1009.0,1
27.3,90.3,1013.8,1
26.0,87.6,1022.1,1
22.0,72.0,1011.2,0
25.3,71.2,1000.9,1
23.1,78.3,1013.6,1
25.6,57.1,1014.1,1
28.3,70.5,1014.9,0
32.9,37.7,1022.2,0
18.8,83.1,1023.2,1
35.7,46.6,1007.1,1
15.2,92.6,1006.8,1
24.2,65.0,1002.6,1
27.9,66.8,1020.0,1
26.4,60.6,1027.5,0
21.9,65.7,1009.8,0
24.0,91.3,1010.6,1
22.5,32.7,1027.7,0
22.1,89.2,1018.1,1
29.2,75.1,1017.4,0
26.8,51.9,1001.1,1
21.5,53.9,1019.8,0
29.5,95.1,1003.7,0
26.5,55.8,1001.7,0
29.1,52.7,1009.5,0
28.1,87.1,1007.1,1
20.9,75.1,1010.8,1
22.2,55.9,998.6,0
28.7,73.2,1022.6,0
28.1,54.6,1024.3,1
24.9,86.5,993.5,1
25.6,85.9,1022.8,1
31.4,78.0,1004.9,1
22.0,75.4,1021.6,1
27.7,96.4,1012.3,1
24.0,70.0,1013.3,0
23.9,52.3,1011.1,0
30.5,76.7,1025.1,0
29.1,101.3,1000.6,1
29.1,54.8,1019.1,0
31.5,64.6,1024.0,0
25.1,76.2,1020.2,1
28.4,69.2,1036.2,0
23.4,55.3,1007.7,1
26.6,86.8,1022.6,1
24.3,104.8,1011.9,1
25.5,72.9,1025.3,1
28.0,56.4,1012.9,0
20.9,46.8,1009.1,1
35.5,73.9,1026.1,0
20.0,86.6,1008.1,1
18.9,77.1,998.9,0
30.8,70.0,1007.8,0
29.0,61.2,1019.2,0
28.1,53.6,1026.9,0
28.1,82.5,1014.1,1
24.9,83.7,1026.2,1
20.5,46.8,999.4,0
25.4,93.8,1008.6,1
21.6,78.6,1010.1,1
29.9,91.0,1011.9,0
24.3,49.9,1013.8,1
20.9,49.5,1019.9,1
23.4,67.8,1008.6,0
27.1,77.5,1014.4,1
22.2,96.9,1012.5,0
20.9,80.6,1003.7,1
26.2,66.4,1011.9,0
26.2,54.6,1011.6,0
22.5,88.5,1011.3,1
22.6,55.5,1013.3,1
26.2,94.4,1013.8,1
17.8,65.7,1008.7,0
18.0,93.9,1025.7,0
21.4,80.2,1001.3,1
23.9,67.9,1005.8,1
26.6,62.2,1040.8,1
32.4,64.9,1002.6,1
29.3,76.4,999.5,1
24.2,71.2,1020.3,1
24.9,61.1,992.2,1
20.0,67.5,1010.6,0
24.9,71.2,1034.5,0
23.6,38.1,997.6,1
26.6,76.9,993.2,1
20.9,55.3,998.0,1
27.6,52.7,1022.0,0
32.7,44.7,1024.2,0
24.5,43.1,1007.9,0
27.0,49.7,1019.8,0
28.5,59.4,1026.9,0
23.0,99.3,1030.9,1
26.1,62.1,1010.5,0
25.1,72.7,990.0,1
25.5,76.0,1004.8,1
21.1,72.0,1008.7,0
25.1,68.8,1010.4,1
27.5,52.1,1011.1,1
32.3,91.8,1024.2,1
29.8,97.1,1025.7,1
35.8,44.8,1011.3,1
21.2,54.6,1024.0,1
29.4,65.8,1016.6,0
25.9,55.5,1013.6,1
35.9,77.6,1022.1,0
21.0,59.1,1013.7,1
20.8,102.5,1033.6,1
22.0,87.9,998.6,1
14.4,73.2,1007.8,0
22.4,85.4,1011.7,1
21.2,86.6,1017.4,1
25.8,61.5,1025.7,0
26.7,57.8,1012.8,0
34.4,71.2,998.8,0
29.8,82.9,1021.4,0
22.1,72.1,1020.5,0
20.5,46.3,993.6,0
27.5,58.0,1013.0,0
18.4,68.9,997.1,0
34.2,68.9,1006.4,0
30.9,99.6,1004.0,0
22.7,49.2,1021.1,1
16.4,77.6,1014.2,0
31.8,92.3,1000.1,1
24.4,104.1,1021.8,1
31.2,63.9,998.7,0
17.0,77.4,1016.3,1
22.0,78.5,1004.9,1
25.0,72.9,1009.3,1
25.2,68.5,1018.0,1
22.7,76.5,1018.2,1
28.1,32.0,1026.4,0
19.7,80.2,1012.2,1
24.3,71.9,1016.1,0
25.6,66.7,1008.6,0
27.6,100.7,1014.8,1
28.6,59.9,1017.4,0
19.4,64.0,1012.0,1
17.3,99.9,995.0,1
31.4,57.5,1016.3,1
26.7,61.7,1016.6,0
21.3,67.8,1006.2,0
32.8,82.6,1000.2,1
25.6,73.1,1027.8,1
30.9,50.6,1017.9,0
25.3,62.0,1010.7,0
35.3,60.9,1001.6,0
33.8,68.8,1004.8,1
23.8,76.4,1026.0,0
29.9,76.3,1014.4,1
28.2,43.4,1007.5,0
31.8,86.0,1018.1,0
20.2,73.8,1004.9,1
28.4,90.8,1028.0,0
30.3,76.7,1026.5,0
16.2,86.5,1008.3,1
19.1,77.0,1006.7,1
14.8,90.2,986.8,0
23.7,77.8,998.2,1
28.6,68.5,999.6,1
32.5,104.1,1014.4,1
25.4,83.3,1009.7,0
33.1,78.6,999.5,0
18.1,50.9,1010.2,0
16.5,50.7,1018.1,0
24.7,74.4,1018.3,1
26.9,72.2,994.0,1
24.8,60.8,1011.7,0
14.7,72.1,999.2,1
24.6,93.8,1022.0,1
18.5,80.4,1020.8,1
28.3,52.9,1004.0,0
26.8,68.3,1005.3,0
20.3,57.9,1008.4,0
22.4,64.2,990.5,0
19.7,63.8,1016.4,1
24.7,62.8,1010.3,0
29.8,51.2,1022.7,0
20.1,68.1,1002.0,1
27.5,61.6,1006.8,0
22.3,26.1,997.9,1
21.0,100.8,1003.0,1
24.5,86.3,1001.2,1
19.8,64.4,1023.0,0
22.2,70.3,1006.0,1
19.0,52.4,1014.2,1
34.8,95.4,1009.2,0
25.2,98.5,1000.3,1
21.5,72.4,1011.3,0
26.1,85.4,1019.0,0
24.4,72.6,1000.9,0
23.9,49.9,1021.1,1
28.1,63.8,1004.5,0
28.8,72.0,1008.2,0
22.3,63.2,1018.3,0
22.1,66.7,1006.4,1
23.6,68.6,1013.4,1
13.5,68.8,1009.9,1
17.4,70.8,1014.3,0
31.8,54.1,989.2,0
33.2,59.2,994.7,0
23.8,50.7,1019.2,1
27.9,84.7,1023.4,1
26.6,38.4,1003.9,0
40.4,87.3,1010.6,0
30.6,90.8,1015.9,0
24.4,65.5,1019.9,0
20.2,31.0,992.7,1
17.0,64.6,1004.1,0
26.0,69.0,1009.7,0
21.2,54.8,1020.0,0
17.9,62.3,1038.0,0
21.8,93.0,1010.7,1
19.6,80.0,998.9,1
33.4,56.1,1017.0,0
29.4,46.0,1026.2,1
25.0,65.1,1014.1,1
32.4,66.8,1003.9,1
25.4,77.4,1022.6,1
20.7,62.0,1019.6,1
32.6,77.7,1002.7,1
27.7,99.0,1016.8,1
19.8,82.2,1023.0,1
24.0,69.3,1024.8,0
20.6,67.3,1012.3,1
18.1,64.6,1009.4,0
29.6,87.7,1025.3,1
34.5,60.6,1000.9,0
18.0,70.7,1017.4,0
27.8,70.8,999.3,1
21.7,62.5,1023.7,1
22.6,49.4,1010.4,0
22.0,74.8,1025.7,0
20.7,69.1,1017.9,0
25.2,77.5,1000.8,1
20.8,62.0,1027.2,0
26.4,88.3,1028.5,0
24.7,56.8,1021.8,0
23.8,95.7,1005.4,1
20.5,43.8,1009.9,1
22.1,76.5,1014.5,0
28.8,77.1,1006.0,1
27.5,58.1,1029.9,1
20.1,76.4,1014.4,0
25.5,89.2,986.0,0
28.8,36.7,1016.4,0
16.7,77.5,1009.5,0
27.7,32.6,1012.3,0
21.7,55.5,1009.3,1
27.9,94.4,1021.1,0
21.2,61.3,1024.2,0
16.0,52.4,1015.8,0
16.9,67.0,1009.6,1
25.2,101.0,1012.6,0
26.3,42.5,1013.2,1
20.5,54.2,1005.0,0
28.2,92.5,1018.8,1
16.7,97.9,1017.6,1
24.7,68.4,1028.4,0
18.9,51.4,1025.6,0
21.7,101.4,1006.1,1
25.2,93.9,1021.2,1
20.7,80.2,1003.5,1
23.1,57.8,1020.0,1
30.0,69.3,1007.8,1
22.1,67.6,1002.8,1
29.2,75.0,1015.8,0
19.4,91.8,986.3,1
27.6,83.2,995.5,1
32.2,53.8,1011.2,0
12.6,90.6,1013.8,1
21.0,74.7,1009.3,1
27.9,80.3,997.2,1
24.0,92.0,1004.8,1
26.9,53.3,1016.9,0
22.0,69.5,1018.8,0
25.4,62.0,1012.8,1
24.2,46.5,1024.6,1
30.8,75.2,1017.0,0
26.3,107.7,1005.5,1
26.7,42.4,1010.2,0
22.9,69.5,999.0,1
22.6,79.6,1011.9,1
22.8,71.8,1024.1,0
27.0,68.3,1019.9,0
22.9,50.5,1027.0,0
26.4,73.5,1010.0,0
35.4,58.6,1026.5,0
29.4,37.2,1011.1,0
23.4,87.9,1027.7,0
31.0,84.4,1012.8,0
23.0,70.8,1020.1,0
14.8,73.4,1027.8,0
20.0,86.1,1011.1,1
15.6,73.4,1015.2,0
23.2,83.6,1025.9,1
25.1,65.5,1011.7,0
33.4,89.7,999.8,1
26.6,74.8,1034.4,1
23.9,72.9,1008.3,0
29.1,50.9,1014.6,1
13.9,74.3,1024.6,0
26.2,57.5,1006.9,1
28.9,60.4,1002.9,0
17.6,57.8,1015.5,1
30.7,54.0,995.1,0
26.7,101.9,1010.1,1
22.9,90.0,1015.5,0
28.2,98.8,1010.3,1
36.4,51.7,997.6,1
25.9,71.1,1028.9,1
26.2,50.6,1014.0,1
22.7,59.6,1027.3,0
20.8,56.2,1010.4,1
29.2,88.6,1004.2,1
20.7,64.1,1015.7,0
25.4,86.0,1010.8,1
22.6,79.1,1001.2,1
27.4,104.6,1027.7,0
26.7,47.8,1006.8,0
30.2,88.9,994.6,1
22.4,87.2,1026.3,1
23.7,55.4,1008.0,0
20.1,85.1,1006.9,1
22.8,75.0,995.3,0
26.9,66.6,1030.4,1
28.8,57.6,1000.1,0
20.4,59.2,1013.6,1
29.3,100.7,1022.1,0
31.8,70.0,1017.2,0
27.1,81.7,1012.4,1
34.4,58.1,996.0,1
21.1,58.3,1004.9,1
18.8,86.2,1014.9,0
16.1,49.8,1005.1,0
32.5,63.8,1015.0,0
28.3,70.5,1019.8,0
24.7,71.7,1022.6,0
26.4,67.3,1000.7,1
19.4,75.9,1035.0,0
37.2,80.4,1020.7,0
25.6,81.0,1013.0,1
25.5,55.2,1023.9,0
28.6,65.7,1036.7,0
27.4,87.9,998.6,1
26.1,83.4,1010.7,1
21.0,49.4,989.2,1
27.4,75.3,1014.9,0
34.4,40.3,1016.7,1
31.7,70.7,1012.6,1
33.0,98.5,1006.5,1
22.4,55.8,992.5,1
20.1,57.5,1016.7,0
24.4,81.5,1027.6,0
25.3,46.9,1007.1,1
30.5,60.5,1017.4,1
16.5,78.9,997.3,0
32.6,60.5,1017.6,0
24.2,66.5,1009.1,0
22.9,81.2,1005.4,1
19.9,76.3,1005.4,1
16.7,74.0,1009.1,0
29.1,64.9,1016.8,0
25.4,75.6,999.9,1
18.6,68.1,1009.0,0
18.5,76.9,1012.6,0
23.3,62.5,1002.0,1
33.3,67.3,1031.0,0
23.7,55.2,1004.5,1
17.5,69.5,1006.3,1
23.8,57.8,1003.2,0
23.6,53.3,1031.0,1
11.5,73.9,1018.5,0
24.7,73.2,1003.6,1
23.8,81.7,1024.1,0
28.5,63.5,1015.0,1
34.2,76.1,1015.6,1
30.6,78.3,1009.6,0
23.7,76.7,1005.5,1
19.5,57.6,1016.4,1
37.9,72.2,1007.5,1
25.3,75.5,1031.2,1
25.1,70.1,1000.3,0
24.9,38.7,1028.4,0
26.0,72.4,1011.9,0
24.3,103.2,1016.0,1
22.1,64.6,1021.3,0
22.3,59.1,1006.7,1
24.8,75.6,1021.6,1
22.3,74.7,985.9,1
21.4,87.9,1005.8,0
25.5,51.1,1003.8,0
23.7,81.0,1000.5,1
32.5,78.9,1010.9,0
11.7,67.9,1016.9,0
30.5,75.1,1020.0,1
31.2,85.4,1015.4,1
14.6,83.1,1006.3,0
23.3,52.9,1016.7,0
23.1,82.3,1014.2,1
18.0,69.0,1022.4,0
21.1,71.1,1020.8,0
19.4,71.1,1013.3,1
33.8,67.7,1004.0,0
29.7,87.9,1006.5,1
31.4,68.7,1007.5,0
28.6,53.2,1009.8,1
19.4,64.1,1015.7,0
22.4,72.7,1020.2,1
27.4,88.4,1012.5,0
18.9,79.0,1013.2,0
28.6,57.2,1014.4,0
23.8,107.3,1007.8,1
23.1,74.0,1003.7,1
28.6,89.1,995.4,1
27.2,67.7,1006.0,1
23.2,78.0,1017.7,1
30.8,82.6,1006.0,1
19.6,88.3,1010.6,0
28.1,85.9,1017.7,0
28.0,83.1,1018.2,1
23.5,65.3,1002.2,1
26.6,61.4,1023.0,1
18.7,75.0,1024.3,0
29.6,84.0,1001.7,1
24.1,66.7,1004.8,1
22.4,86.0,1024.9,1
30.2,91.8,1011.5,0
21.5,56.3,990.8,0
18.0,57.4,999.0,0
17.2,67.9,1010.5,0
28.0,74.6,1001.4,1
18.6,62.1,1008.9,0
33.8,90.3,1013.3,0
14.6,76.4,1027.6,1
33.5,70.6,1010.1,0
26.1,48.5,1023.7,0
24.5,50.3,1027.3,1
22.3,74.2,1027.3,0
27.0,38.0,1015.8,1
24.8,85.2,993.4,1
30.5,67.6,1017.6,0
25.6,118.6,1023.5,1
25.8,104.6,1012.2,0
23.2,67.3,1030.4,0
24.7,68.4,1021.6,1
26.5,84.9,1018.7,1
16.4,95.5,1023.9,0
18.3,45.4,1016.3,0
28.7,43.2,988.1,0
25.9,60.7,1008.0,1
24.1,78.7,1025.0,1
25.1,77.5,1004.9,1
26.7,86.0,1010.8,0
22.3,52.0,1002.6,1
21.1,35.3,1030.8,0
26.0,82.9,1029.8,1
20.1,57.6,1004.2,0
27.0,39.7,1014.5,0
16.5,72.2,1006.2,0
30.1,81.9,1019.1,0
27.4,68.2,1018.1,1
26.3,63.1,1021.1,1
29.9,67.6,1016.3,1
33.3,64.4,1042.4,1
30.1,49.8,1002.7,1
15.8,59.3,995.9,0
18.6,77.8,1009.1,0
21.9,74.8,997.3,1
25.1,72.5,998.1,0
27.6,55.1,1003.0,0
21.4,67.3,1003.8,0
25.9,37.3,1003.5,0
21.2,72.7,1018.2,1
21.9,91.4,1007.9,1
18.0,47.9,1011.2,0
20.4,61.2,1021.9,1
18.2,74.9,1005.3,1
20.1,88.8,1010.4,1
30.3,63.3,1016.7,0
20.3,59.6,993.6,1
38.2,40.5,989.2,0
27.5,71.6,1016.5,1
25.9,100.6,1017.9,1
20.7,74.2,1033.6,0
28.5,69.7,1014.6,0
22.1,74.8,1021.2,1
25.6,69.8,1011.0,1
37.8,57.8,1016.0,0
24.5,82.3,1029.7,1
30.7,73.4,991.8,1
21.5,70.3,1017.1,0
24.8,55.4,1034.4,0
33.9,89.6,1015.8,1
21.9,80.0,1029.5,1
34.1,61.7,1006.7,0
28.5,85.0,1012.7,0
22.2,62.5,1013.3,0
28.2,58.3,990.8,0
29.9,58.6,1001.3,1
28.1,43.4,1002.0,1
17.1,77.1,1021.2,0
21.4,42.5,1021.7,1
23.8,51.6,1016.2,0
24.6,38.9,1021.2,0
28.1,68.7,1011.4,0
25.9,67.7,1025.0,1
18.3,65.1,1013.1,0
26.9,54.4,1013.6,0
28.1,52.4,1010.3,1
27.8,77.0,1019.8,1
30.4,61.7,1008.8,0
29.2,74.7,1022.8,0
27.3,56.7,1001.7,1
24.6,72.7,1002.0,1
16.7,89.5,1019.9,0
27.1,78.8,1012.1,0
26.0,63.8,1008.5,0
26.4,73.9,1021.9,0
18.6,66.4,1006.9,0
19.6,70.1,1011.0,0
30.3,65.1,1027.0,0
24.8,67.5,1028.4,0
28.4,73.2,1028.7,0
25.1,55.1,1010.2,1
25.1,54.8,1025.3,0
29.7,49.2,1003.5,0
22.4,46.0,1003.9,1
25.5,51.7,989.5,1
22.7,72.4,1029.7,0
22.8,56.6,1004.4,1
23.5,77.7,1011.7,0
26.1,70.5,1003.9,1
22.6,40.5,1020.0,0
31.3,79.8,1009.2,1
20.5,82.2,1000.0,1
24.1,55.1,1017.4,0
22.8,76.3,998.7,1
32.2,57.2,1004.6,1
26.0,71.5,991.9,1
30.2,51.0,998.8,0
17.6,43.1,1014.8,0
26.3,64.3,993.4,0
29.4,68.1,998.2,0
25.4,64.0,1013.0,0
30.3,52.2,1007.6,0
22.4,64.0,1032.9,0
32.0,74.0,1031.3,0
36.5,69.3,1004.3,1
23.2,72.7,1018.6,1
22.8,59.9,1020.5,1
32.3,87.6,1007.0,1
32.9,52.4,998.0,1
22.4,77.3,1012.9,1
22.9,87.7,1011.3,0
23.6,77.2,1008.6,1
18.3,67.0,1017.4,0
20.4,62.1,1005.5,1
20.0,85.5,1001.5,1
21.2,48.7,1014.1,1
24.8,55.4,1016.9,0
26.2,64.0,1001.2,0
32.8,88.6,1022.3,1
20.0,75.7,995.3,1
29.9,55.5,1007.2,0
23.9,65.3,1010.4,0
24.8,60.8,1006.6,0
28.4,59.4,1007.3,0
19.4,84.7,1031.7,1
26.9,49.4,1004.5,0
25.8,94.1,1037.4,1
27.5,82.4,1017.4,1
26.4,86.4,1013.9,0
37.3,63.1,1017.8,0
21.8,67.8,1038.3,1
22.3,48.5,1003.1,1
21.9,62.1,1001.8,1
22.2,77.4,1005.5,1
21.8,89.4,1013.3,1
30.9,53.4,995.7,0
32.1,64.5,1013.2,0
22.1,67.7,1029.9,0
20.8,49.1,1014.5,0
27.4,78.9,1010.1,1
22.2,59.1,1006.8,0
28.2,67.1,1022.0,0
26.0,63.2,1004.7,1
17.4,58.2,1031.5,0
32.7,69.9,1032.3,0
34.0,66.8,1015.6,0
21.9,64.4,1012.9,0
23.1,59.1,1023.3,0
26.4,74.8,1023.9,0
26.7,94.8,1004.9,1
28.3,72.1,1007.7,0
35.1,84.9,999.8,1
24.1,49.1,1017.1,1
21.0,72.4,1019.7,1
18.1,53.5,999.5,0
21.3,47.8,1008.4,1
24.8,58.9,999.5,0
34.0,87.9,1004.0,1
22.4,84.3,1018.5,0
26.1,73.6,1005.7,0
24.9,47.0,1010.0,1
30.9,67.1,996.7,1
37.6,74.5,1014.9,0
22.3,72.6,1012.6,0
22.6,42.3,1005.7,0
30.2,56.6,1011.1,0
28.4,69.0,1014.8,0
34.2,78.0,1004.9,0
27.9,37.1,998.2,1
23.2,67.6,1031.1,0
28.0,72.1,1006.7,1
30.5,82.7,1012.0,0
29.1,80.4,1023.1,0
27.5,78.7,1048.3,1
30.3,58.0,1000.6,1
30.8,41.4,1017.5,1
31.9,64.1,1005.9,0
28.2,85.0,1007.6,1
24.2,90.9,1005.8,0
25.7,80.7,1001.7,1
31.0,76.4,1012.6,1
20.9,75.7,998.3,1
26.8,61.7,1022.5,0
23.0,68.0,1013.6,0
25.1,95.0,1017.2,1
31.4,55.9,1008.3,0
26.0,94.2,1009.3,0
25.2,65.2,1015.9,0
18.2,89.9,1001.4,1
28.7,48.9,1009.4,0
28.2,78.8,1004.4,0
35.8,58.9,1004.1,1
23.5,48.8,991.9,1
26.1,73.3,1026.4,0
26.2,85.1,1006.1,1
32.9,57.3,1024.6,0
24.5,47.5,1023.7,0
26.4,68.6,1000.1,0
28.0,68.7,1002.1,1
25.9,78.2,1038.6,1
22.8,84.2,1030.5,1
26.0,69.1,1012.7,1
30.4,97.8,1015.6,1
19.9,73.4,1006.7,1
25.7,64.8,1017.3,1
21.5,45.8,1005.8,0
31.0,66.1,992.7,0
17.4,65.0,999.8,0
22.2,84.4,1013.2,1
26.9,76.9,1001.7,1
32.8,52.3,1012.3,0
24.7,72.6,1002.3,0
22.2,80.1,1005.2,1
34.4,92.9,1021.5,1
17.8,83.3,1015.5,0
14.0,81.4,1012.9,1
27.2,70.9,1021.8,0
22.5,75.8,1017.8,0
19.9,88.7,1027.5,0
28.5,50.0,1008.4,0
26.2,64.8,1008.7,1
22.2,58.4,1000.0,1
18.6,75.7,1008.7,1
29.4,88.5,1022.6,0
28.3,61.0,1026.0,0
24.5,34.1,1022.6,1
34.2,63.8,995.1,0
19.6,83.7,1023.8,1
17.4,78.1,994.6,1
21.5,76.4,1022.0,1
24.8,65.8,1009.3,0
26.2,50.8,1020.0,0
23.8,77.7,999.7,1
26.8,57.5,1024.7,0
18.7,102.8,998.4,1
32.2,78.6,1006.3,1
24.6,61.3,1003.0,0
30.6,60.8,995.5,0
26.7,68.6,1013.9,1
27.3,66.4,1031.1,1
27.8,86.8,1039.7,1
27.2,72.8,1014.0,1
28.2,59.0,1024.2,0
31.6,98.4,1015.3,0
26.0,70.7,1018.0,1
28.5,81.5,1009.6,1
24.6,60.9,1015.0,0
32.2,75.4,1018.4,1
21.6,74.7,1007.2,0
34.0,41.7,1012.2,1
24.8,100.2,1012.4,1
17.8,89.4,1021.3,1
25.6,64.0,1002.3,0
21.6,53.5,1012.5,1
29.2,75.2,1032.1,1
21.7,71.3,1024.6,0
22.8,75.3,1026.5,1
15.6,72.9,1013.2,0
22.7,77.6,1016.2,1
12.9,91.7,1023.0,1
17.1,78.5,1028.6,0
28.8,54.3,993.5,0
28.9,90.4,999.8,1
27.1,94.6,1026.1,0
20.2,117.3,1010.2,1
24.8,53.1,1006.3,0
25.0,73.6,1000.5,1
19.2,38.8,1007.4,0
32.5,78.3,999.0,1
29.4,61.8,1033.9,0
23.9,98.9,1012.8,1
25.1,58.4,1012.4,1
26.0,44.7,1018.9,0
14.8,62.9,1022.6,0
23.8,40.4,1022.5,0
21.6,81.3,1023.7,1
20.0,39.0,1006.7,0
23.6,70.4,1010.0,0
34.0,38.8,1020.7,0
28.2,65.2,1007.7,0
22.1,94.7,1012.9,0
27.9,75.4,1017.0,1
32.0,57.0,1020.9,0
29.6,69.5,995.2,1
25.3,70.3,1020.1,0
21.8,77.1,1010.7,1
28.5,49.5,1020.1,0
27.0,78.9,1020.8,1
29.5,29.4,1029.1,0
28.2,60.6,1026.5,0
30.2,62.7,1026.5,0
22.3,79.5,1027.4,1
31.6,70.3,1015.9,1
26.0,48.9,1013.3,1
35.4,55.2,1021.7,0
21.6,73.0,1020.3,0
33.7,68.8,1009.9,0
26.0,61.3,1017.0,0
21.7,62.8,1012.6,1
22.6,80.4,1004.5,0
23.4,62.2,1025.9,1
27.1,68.7,1013.6,1
27.6,102.5,1033.5,1
22.1,48.6,996.7,1
24.9,42.2,1007.4,0
35.7,81.8,1013.3,1
33.6,59.8,1024.4,0
27.2,65.2,1017.0,0
25.2,58.3,1016.1,1
25.6,66.1,1001.7,1
28.1,94.0,1001.4,1
19.9,82.0,1016.2,0
23.7,82.9,999.4,1
16.7,48.8,1007.7,0
27.0,52.7,1018.0,1
28.2,27.4,1003.2,0
22.6,57.9,1029.1,0
32.9,84.4,1025.2,1
18.9,77.8,997.3,0
17.7,66.7,1003.7,0
26.1,69.7,990.1,1
30.2,59.7,1005.2,0
33.4,73.1,1020.7,0
22.7,81.5,1008.9,1
30.4,45.8,1017.6,1
24.8,74.5,997.8,1
24.1,84.0,1021.0,0
29.4,63.8,1007.4,0
28.3,80.5,1013.1,0
17.1,112.2,1012.1,1
32.4,68.4,1000.3,1
31.9,75.9,1001.5,1
21.9,58.9,1022.7,0
27.0,72.7,1017.0,0
27.5,76.9,1023.5,1
26.3,72.9,1016.2,1
22.2,54.7,1014.4,0
21.6,73.1,995.7,0
24.9,91.9,1010.3,1
30.9,76.7,1012.7,0
27.7,84.4,1032.5,1
23.1,66.4,1019.9,1
28.9,81.2,1028.4,1
10.8,74.2,1019.0,0
30.7,55.7,1005.9,0
16.3,74.8,1014.2,0
23.2,55.1,1015.4,1
19.4,60.5,1003.6,0
18.5,72.8,1009.2,0
30.8,74.5,1010.9,0
22.7,52.2,1029.1,1
26.7,85.8,992.2,1
24.8,78.6,1025.1,1
27.4,59.4,1003.6,1
25.4,46.9,999.3,1
18.6,67.8,1024.8,0
30.0,63.3,1020.3,0
22.5,71.7,1025.5,0
17.2,64.6,1021.0,0
22.9,39.9,1033.6,1
32.5,64.2,1018.6,0
29.3,65.4,1011.4,0
23.3,79.5,1016.4,1
23.3,59.5,1025.4,1
23.4,95.2,1005.2,1
35.4,41.3,1006.5,1
26.9,89.7,1009.9,0
27.2,66.6,992.0,0
30.2,82.9,1014.4,1
26.2,71.2,994.1,1
23.7,87.1,1013.5,0
24.0,64.2,1021.7,1
24.6,53.5,1008.2,1
24.8,91.3,1029.8,1
28.6,68.3,998.4,1
25.3,73.3,1024.9,0
28.7,88.5,1019.8,0
24.6,54.5,995.8,1
25.4,78.9,1040.1,1
15.0,61.2,1012.4,1
29.6,68.0,1004.2,1
26.7,71.1,998.9,0
30.0,47.5,1010.8,0
10.5,58.3,1011.7,0
35.4,90.3,1014.0,0
24.3,83.3,1010.0,0
30.5,69.1,1019.3,0
19.8,73.6,1009.1,1
28.1,65.6,993.7,1
19.7,90.3,1011.5,0
21.9,67.0,989.3,1
34.6,73.5,1016.5,0
24.0,87.2,1003.2,1
26.1,58.3,1014.6,0
29.4,93.4,1026.1,1
27.5,47.0,1003.5,0
25.8,94.4,1023.6,1
26.8,64.4,1008.7,0
37.0,66.4,1030.5,1
24.7,41.6,1009.3,0
26.0,63.2,1004.6,0
30.3,54.4,1019.9,0
30.5,60.9,1008.6,0
30.9,67.9,1004.6,0
28.2,84.4,1008.2,1
19.3,73.1,1012.6,0
33.2,74.6,1026.4,1
19.3,53.6,993.7,0
26.5,56.8,1013.2,0
21.2,97.0,1019.2,1
24.7,59.0,1014.9,1
26.6,94.8,1026.1,1
26.6,66.4,1012.3,1
27.1,70.0,1011.2,1
33.1,86.1,1018.9,0
27.3,89.1,1014.0,1
23.8,68.3,1009.1,1
29.8,64.2,1018.2,0
30.9,69.2,1006.5,1
18.9,75.1,1006.9,1
28.0,83.4,1007.7,1
28.5,70.1,1026.5,0
23.5,79.3,980.8,1
31.9,94.6,1017.0,0
24.2,75.7,1013.3,1
25.6,74.7,996.2,1
24.1,47.2,1016.1,1
25.1,30.5,1017.8,0
19.5,75.8,1018.9,0
17.8,68.6,986.5,1
33.0,62.3,1026.7,0
20.8,73.7,1005.6,1
20.0,69.1,1019.9,0
14.2,86.9,1020.4,0
21.8,71.3,1004.2,0
18.4,58.8,1019.6,0
33.2,84.9,1009.1,1
30.0,66.7,992.3,1
21.6,77.9,1024.7,1
36.3,62.8,1005.2,0
29.9,60.3,1004.5,0
23.4,71.3,1009.0,0
12.5,70.2,1015.7,0
36.5,77.2,1012.4,0
18.1,66.0,1018.5,0
16.8,42.5,999.6,0
30.1,63.5,1005.6,0
37.2,81.9,1011.8,1
31.9,65.5,1032.0,0
27.8,66.3,1011.9,0
28.0,84.8,1023.9,1
29.3,59.3,1013.4,0
28.8,46.9,1008.2,0
26.4,67.6,1010.5,1
25.5,62.7,1011.3,0
24.7,55.5,1019.0,1
21.2,67.4,1026.7,0
23.6,77.4,1016.6,0
16.5,69.9,1024.9,1
24.5,74.6,1003.4,1
20.1,97.2,1008.9,1
19.5,64.9,1005.8,1
25.9,74.2,1016.1,1
32.0,62.4,1009.4,0
29.6,57.3,1020.3,0
17.1,61.2,1003.7,1
20.1,62.8,1013.4,0
29.7,75.4,1019.9,0
20.1,105.2,992.3,1
23.9,59.3,1034.2,0
27.8,63.8,1010.2,1
20.2,69.1,992.7,1
25.5,75.9,1014.6,1
18.3,74.0,1013.3,0
22.0,89.3,1012.2,0
26.6,33.6,1022.9,0
17.0,34.2,1020.5,0
27.2,62.6,1016.0,0
24.9,86.5,1017.5,1
27.8,46.5,1012.0,0
26.1,24.9,1030.8,1
31.8,78.6,998.2,1
25.6,73.7,1014.4,0
22.9,53.6,1013.7,0
25.6,55.2,1021.1,0
27.7,55.5,1004.6,1
25.2,71.7,995.6,1
25.2,60.6,1014.6,0
21.5,77.4,1015.8,1
21.7,27.2,1027.9,1
18.0,57.1,1000.3,0
33.7,53.1,1024.5,0
18.8,66.2,1036.7,0
21.5,61.9,1009.2,0
21.4,82.0,1000.1,1
29.5,42.1,1008.9,0
23.5,70.7,1013.1,1
31.2,78.4,1018.6,1
21.6,97.8,1007.1,1
26.4,62.8,1028.6,1
20.8,74.9,1001.9,0
35.7,42.9,995.6,0
19.1,34.1,1024.1,1
26.5,82.7,990.3,1
28.2,69.9,1011.0,1
27.1,87.7,1044.2,1
24.1,49.4,1012.9,0
24.4,77.8,1001.8,1
25.2,98.0,1012.4,0
24.3,76.3,1012.5,1
29.8,74.1,1014.6,0
36.1,70.1,1019.6,0
22.2,46.4,1002.6,1
18.2,90.3,1029.9,0
24.6,60.8,1015.5,0
37.9,77.6,1020.3,0
21.0,46.6,1006.7,1
33.2,52.3,1025.9,1
33.4,91.5,1010.4,1
22.2,64.8,1015.8,0
27.8,91.8,1003.7,1
33.1,68.8,1003.0,1
23.1,42.4,1019.9,0
24.0,83.4,1008.6,0
22.1,61.2,1004.5,1
19.9,80.5,1006.6,0
21.8,70.4,1020.0,0
18.9,46.9,1006.7,0
25.2,72.5,1011.8,0
21.2,102.9,1013.2,0
26.2,77.4,993.8,1
17.2,69.1,998.3,0
26.7,86.1,1016.4,1
29.2,73.2,1005.6,1
15.0,73.1,1023.6,0
26.9,53.6,1022.7,0
31.1,73.5,1020.2,0
19.0,85.5,1031.2,1
33.4,57.5,1012.2,0
27.1,91.4,1019.5,1
21.5,68.6,1007.2,1
24.7,56.7,1037.5,1
27.8,85.0,1032.8,0
25.4,65.7,1013.1,1
27.7,81.4,1016.9,1
20.4,65.6,1026.6,0
25.8,69.1,1011.5,1
17.9,77.4,1006.4,1
24.4,74.4,1021.7,0
20.5,40.1,1013.8,0
21.3,53.2,1014.8,0
31.2,83.9,1004.7,1
30.5,68.0,995.8,0
28.0,62.1,1015.4,0
19.5,49.6,1022.0,0
23.4,53.8,1010.7,1
31.1,39.7,1027.4,1
25.7,68.5,1006.0,1
36.6,61.0,1002.5,0
27.0,55.5,1012.3,1
26.0,69.0,1012.2,1
23.5,75.5,1020.7,0
25.7,101.4,1005.3,1
24.2,47.3,1026.7,0
28.5,87.4,1032.7,0
29.8,84.6,1012.6,1
21.1,58.3,1025.5,0
18.3,73.0,1002.4,0
15.8,63.1,1023.8,0
27.5,72.8,1023.5,1
19.5,92.6,1021.6,0
14.2,79.1,1012.8,0
26.9,77.6,983.5,1
37.5,63.5,1006.6,1
25.0,47.7,1006.7,0
29.2,66.9,1003.2,0
25.4,88.1,1014.2,1
24.5,47.1,1008.8,0
29.6,54.2,1004.8,0
23.5,71.9,1002.4,0
26.3,55.2,1005.8,0
26.6,58.1,1024.2,0
21.7,63.6,1006.4,1
30.0,49.5,1007.9,0
24.1,55.4,1008.4,0
21.2,80.6,1016.4,1
27.7,50.4,1017.6,0
20.5,46.0,982.6,1
25.1,60.5,1023.2,0
25.0,81.0,1027.4,0
30.4,67.0,1002.5,1
27.4,63.0,1003.3,0
24.9,70.7,1008.5,1
29.1,43.8,1005.4,0
32.0,77.4,1015.2,1
27.8,75.8,993.5,1
25.1,63.9,1001.8,1
18.4,85.1,1028.4,1
19.7,53.1,1003.7,0
23.5,86.9,1025.4,1
22.0,72.3,1016.6,1
24.1,65.0,994.9,1
25.3,69.7,1019.4,1
27.6,68.4,1011.8,0
24.6,88.3,1008.4,0
27.4,53.8,1015.4,1
25.3,58.6,1017.7,0
15.1,85.5,1020.1,1
20.3,61.1,1024.8,0
24.3,83.5,1017.1,0
19.0,95.5,999.2,1
28.0,64.0,1008.3,0
32.7,80.2,1042.4,0
31.1,52.7,1020.2,0
23.9,81.3,1036.7,1
32.5,73.0,1027.0,0
25.7,77.1,1015.4,1
23.3,60.3,1016.0,1
21.9,45.1,1012.6,0
23.5,77.5,995.6,1
23.1,39.0,1013.2,1
25.9,65.2,1025.1,0
25.8,84.1,1007.0,1
25.0,72.9,1017.1,0
27.2,99.2,1021.5,0
31.0,85.4,1003.9,0
29.7,60.2,1008.5,0
17.6,70.4,1002.8,0
12.2,69.3,1004.8,0
29.7,46.3,1000.1,1
18.2,55.9,1004.0,0
23.9,61.6,1027.2,1
19.1,39.5,1003.8,1
16.0,70.7,1014.3,0
27.7,66.3,1008.0,1
28.8,44.9,1024.8,0
22.1,76.1,1026.1,1
12.0,80.7,1021.6,1
22.3,73.4,1016.1,1
27.0,65.1,1010.7,1
17.6,78.9,1001.1,1
25.9,80.2,1032.4,0
24.9,74.6,1005.4,1
27.9,57.6,1019.6,0
25.6,74.1,1023.6,1
20.1,87.9,1007.4,1
31.0,61.1,1023.4,1
24.2,101.5,1020.6,1
24.9,62.1,1030.3,0
20.3,70.5,1008.3,0
22.8,59.9,1000.1,0
20.6,73.3,1007.9,1
24.1,43.9,1015.1,0
33.6,61.8,1013.6,0
18.1,53.6,1009.1,0
16.9,72.0,993.9,1
32.4,84.9,1017.7,0
24.0,79.7,1032.7,1
21.7,34.4,1017.6,1
30.2,100.6,1019.1,1
22.0,74.4,1018.7,0
34.1,58.4,1017.0,0
28.4,72.4,1022.3,1
22.6,72.6,1017.0,0
35.8,60.0,1009.9,0
22.0,73.0,1005.0,1
28.7,60.9,1010.5,0
26.5,63.9,1016.1,0
31.5,59.7,1009.8,1
32.8,48.5,1016.1,0
25.2,72.2,1017.4,0
21.2,78.8,1021.3,0
27.3,77.7,1025.8,1
21.6,82.3,1013.8,0
35.1,74.9,999.9,0
25.7,62.0,1009.5,1
23.2,82.6,1013.4,1
25.9,49.6,994.6,1
18.3,56.5,1026.9,0
20.1,55.5,1014.4,0
31.0,86.2,1016.8,1
21.7,84.1,1026.7,0
19.8,77.3,1006.7,0
27.7,86.1,1018.7,1
30.9,56.8,1011.9,0
28.6,75.2,1011.2,1
30.0,68.1,1005.3,0
21.2,82.7,1029.7,1
17.9,68.3,1009.2,0
32.5,64.2,1020.0,1
23.4,78.1,994.2,1
23.7,83.1,1024.8,0
31.6,60.0,1023.5,0
27.8,69.1,1014.0,1
27.3,54.1,1010.7,0
35.8,32.5,1017.0,0
21.8,73.0,1035.9,1
29.6,79.1,995.4,1
25.3,73.9,1020.8,1
26.3,40.8,1003.9,1
32.6,64.7,1012.8,1
27.5,36.7,1010.5,1
27.7,90.5,1008.7,0
30.4,53.7,1012.9,0
23.2,88.8,1001.7,1
20.8,84.2,1023.3,1
19.8,56.5,995.1,1
15.2,53.0,1018.4,0
35.3,75.3,1009.7,1
19.5,57.3,1001.3,0
23.9,71.5,1015.0,0
23.6,62.8,997.4,1
26.5,43.3,1013.4,0
29.1,36.5,998.8,1
29.3,73.4,1017.6,0
22.1,61.6,1003.8,1
24.2,61.7,1008.5,1
26.4,80.4,1015.9,1
23.8,87.6,1005.3,1
33.0,65.9,1012.4,0
27.5,64.9,997.9,1
28.7,77.5,1019.3,0
28.3,49.6,1030.6,0
30.9,73.3,1040.9,0
25.9,78.3,1013.9,1
18.5,80.2,1020.9,1
27.0,40.9,995.2,0
21.7,58.6,1028.0,0
22.4,56.8,1020.8,0
27.9,71.5,1008.2,1
31.2,77.2,1025.4,1
25.1,92.5,1010.5,1
26.5,62.6,1008.4,0
33.5,62.5,1017.8,0
26.2,87.2,1002.4,1
38.0,74.4,1023.2,0
27.8,89.0,1002.4,1
16.2,74.3,1002.5,0
28.8,52.6,1003.9,0
26.9,50.0,1020.6,0
31.4,46.7,1006.8,1
28.4,79.9,999.5,1
24.3,87.8,1006.9,1
18.9,97.7,1012.7,0
24.0,82.6,1001.2,1
20.7,87.4,1001.5,1
22.1,61.3,1034.1,1
27.9,52.7,1004.4,0
33.3,82.8,1009.8,0
27.0,76.3,1009.3,1
19.0,71.6,1008.8,0
27.2,75.8,1019.2,0
31.0,74.8,1022.5,0
22.0,89.3,1009.9,1
24.3,89.4,1000.6,1
25.1,78.2,1025.7,1
21.1,82.7,1012.0,0
28.2,77.7,1030.3,0
24.4,63.1,990.5,1
27.1,81.3,1015.0,1
20.6,49.1,1032.2,0
22.8,85.8,1009.5,1
28.6,52.1,1010.7,0
23.1,74.3,1016.0,0
33.6,57.3,1007.4,0
23.0,78.3,1009.9,1
26.1,69.5,1009.6,0
29.7,46.1,1006.7,0
17.9,76.3,1025.3,0
16.2,61.3,1017.6,0
17.4,83.2,1015.5,1
31.3,70.0,1021.1,1
22.2,75.9,1010.4,1
37.8,55.6,1005.3,1
22.2,61.2,1007.0,0
25.9,63.1,1013.0,0
32.7,82.9,1002.4,1
35.0,95.2,1008.0,1
35.3,57.9,1007.8,1
31.0,86.2,1034.2,0
30.1,37.5,985.3,1
28.0,52.1,1011.2,1
28.9,55.6,1030.3,0
22.2,49.7,1014.2,0
20.9,46.2,1020.5,0
25.0,76.2,1014.0,1
24.1,66.8,1006.3,0
22.7,75.7,990.6,1
28.5,80.4,1015.1,1
29.8,74.0,1005.2,0
25.4,79.9,1005.0,1
32.4,69.0,1008.0,0
19.3,52.2,1030.4,0
24.0,85.9,1037.0,0
21.4,61.2,1015.2,0
15.7,56.0,1008.4,0
24.6,67.3,1001.2,1
24.4,56.3,1017.7,0
32.6,63.7,1030.8,0
28.2,75.2,1010.5,1
19.9,75.2,989.2,0
34.3,56.5,1019.7,0
31.1,62.7,1022.9,0
27.9,86.1,997.1,1
23.9,77.4,1014.8,1
20.2,101.1,1017.5,1
23.1,87.7,1012.3,0
30.4,87.2,1005.1,1
34.4,49.2,1023.2,0
32.7,81.5,1009.0,0
22.6,69.2,998.1,1
19.4,61.7,992.5,1
25.7,72.5,1025.6,0
16.2,84.2,1019.2,0
26.6,77.5,1013.9,1
24.3,56.8,1008.6,0
22.7,81.1,1007.7,1
17.0,60.4,1002.2,0
27.6,73.3,1008.7,0
22.3,65.4,991.8,1
19.2,66.7,1005.6,0
10.6,81.5,1009.9,0
24.9,54.4,1019.1,0
33.9,99.2,1012.6,1
33.3,42.7,1020.9,1
22.7,61.0,1026.5,1
22.0,75.6,1023.6,1
27.3,78.8,1017.7,1
20.0,68.5,1013.1,1
26.5,69.1,1003.2,0
28.8,76.2,1020.4,1
31.1,66.5,1029.8,0
24.5,90.9,1016.4,1
24.0,82.6,1032.2,1
20.6,83.1,997.7,1
20.9,55.5,1001.5,1
23.9,68.8,1021.6,0
26.8,65.5,1015.6,0
29.6,54.9,1026.1,0
21.0,75.4,1012.8,1
32.5,61.9,1004.3,0
23.6,79.8,1010.9,0
24.9,53.9,997.7,0
21.3,95.8,1001.7,1
12.9,56.6,1022.7,0
29.4,73.3,1021.7,0
28.7,81.9,1016.6,1
23.6,61.4,995.8,1
25.3,82.8,1009.4,0
27.6,51.6,1000.8,1
17.2,91.8,1024.8,1
22.4,70.2,1007.2,1
29.0,61.1,1002.1,0
18.7,65.5,1013.3,0
26.5,82.1,1006.6,1
18.2,61.2,1027.8,0
27.3,58.8,1005.7,1
24.8,66.7,999.0,0
16.9,52.3,991.5,0
30.8,97.3,1012.7,1
21.3,61.5,1007.4,0
20.9,82.5,998.7,1
26.0,73.1,1024.9,1
30.7,55.2,1019.7,1
19.9,69.9,1012.7,1
25.3,81.8,1026.6,0
27.1,67.2,1019.6,1
28.5,87.9,1004.8,1
25.9,85.3,1002.6,1
23.2,83.8,1021.2,0
20.9,63.1,1017.0,1
25.4,53.8,1014.7,0
19.6,60.8,1004.5,0
10.4,72.9,1019.1,1
27.2,78.2,1005.4,1
29.5,37.4,1012.0,1
13.2,69.9,1027.5,0
20.0,72.4,1006.4,0
28.1,65.8,997.3,1
35.3,89.4,1002.5,1
25.1,76.3,1022.9,1
21.4,89.7,1015.5,0
24.1,66.8,1011.7,0
31.9,84.1,1007.9,0
21.8,94.5,1017.9,1
21.0,89.7,1004.5,1
22.6,53.6,1016.1,0
20.2,66.2,1005.7,1
25.6,64.8,1004.0,0
33.1,77.3,1006.6,1
26.6,80.3,1009.2,1
23.7,57.4,1012.5,0
23.5,71.0,1015.4,0
17.2,39.7,976.1,0
29.4,91.6,1004.9,1
24.6,62.3,1009.1,1
24.1,70.8,1028.1,0
41.0,65.4,1002.2,0
26.5,87.2,1014.6,0
21.2,27.4,1028.0,1
22.9,69.8,999.9,0
30.7,68.4,1016.9,0
25.6,63.2,1005.0,0
17.8,95.9,1008.0,1
29.6,56.7,1005.0,0
21.7,81.6,1005.7,0
34.4,75.3,1040.2,0
30.4,88.9,1021.4,0
22.8,60.0,1024.0,0
31.4,59.0,1017.9,0
25.3,86.4,996.9,1
29.3,76.4,1016.9,1
27.4,46.8,1023.7,1
20.8,61.9,1004.5,1
21.8,75.8,1022.7,1
30.1,82.6,1020.0,1
23.3,59.8,1031.5,1
23.0,26.3,1008.8,1
20.2,77.8,1002.0,1
27.1,51.7,1009.4,1
35.3,39.7,1027.4,1
19.7,27.5,994.7,0
25.1,82.2,992.3,1
32.1,71.9,1013.9,0
24.6,66.6,1008.6,0
27.3,90.8,1013.1,0
19.7,79.6,1022.5,1
27.1,94.2,1007.5,1
24.1,49.1,994.3,0
29.9,69.5,1033.4,0
30.9,45.7,1003.0,0
37.9,66.6,1002.4,0
27.9,66.3,1024.0,1
26.6,79.4,1009.2,1
26.0,70.7,1012.4,0
23.2,79.4,1017.8,1
26.7,80.6,1023.8,0
23.5,102.3,1009.7,1
25.8,65.3,1028.2,0
31.6,55.9,991.6,0
20.0,73.7,1020.6,1
30.7,58.0,1004.6,0
31.6,92.2,1026.7,1
24.4,65.8,1014.4,1
14.4,61.5,1006.3,0
22.0,62.9,1019.6,1
31.5,80.8,1021.9,0
24.9,67.6,1019.4,1
20.0,60.4,1002.7,1
22.5,95.0,1008.2,0
29.2,57.2,1013.0,0
27.7,70.5,1012.6,0
23.8,79.8,1020.5,1
23.2,45.5,992.9,1
23.0,77.2,1016.3,0
20.4,54.2,1010.1,0
33.1,82.3,1004.6,1
23.4,55.6,1005.6,0
31.1,80.4,1010.9,1
32.6,86.6,977.0,1
30.0,82.9,1006.0,0
22.8,73.8,1004.2,0
27.0,66.5,1018.3,0
24.9,61.4,1004.9,0
20.5,92.1,1010.8,0
26.6,59.5,1028.4,0
19.1,54.4,1022.9,0
30.9,80.0,1022.0,1
22.7,58.1,1008.0,0
26.0,55.7,1018.4,0
26.4,48.3,1010.7,1
23.7,62.8,1011.0,1
27.9,68.8,1017.1,1
22.6,73.6,1007.0,0
29.4,84.3,1027.9,0
18.3,77.9,1011.4,1
25.6,67.1,1019.2,1
34.7,67.0,1027.6,0
20.0,77.7,1023.3,1
21.6,89.1,998.9,1
27.6,71.9,1017.4,0
25.9,63.0,1021.5,0
26.8,55.1,1021.9,1
27.4,48.3,1001.9,1
28.2,80.0,1006.4,1
30.5,78.7,1022.9,1
27.0,78.7,1005.4,1
23.8,68.1,1010.0,1
28.4,91.1,1028.8,1
34.5,62.7,1012.5,0
24.3,84.3,1005.7,1
20.1,69.4,1004.2,0
30.5,60.9,1016.3,0
24.4,78.9,999.7,0
14.1,76.1,1010.5,0
29.2,75.4,1016.3,1
22.3,71.2,1026.0,1
24.5,69.4,1019.7,0
26.7,105.8,1005.9,1
26.0,87.8,1024.8,1
28.5,80.8,1010.0,0
22.8,71.7,1000.6,1
27.6,85.1,1011.3,1
23.7,77.8,1027.4,1
28.7,70.4,1014.7,0
28.1,65.4,1013.1,0
20.3,68.8,1029.4,0
30.4,22.4,998.7,1
22.3,73.2,1000.1,1
29.0,62.7,996.8,0
26.8,93.9,1016.7,1
34.2,70.3,1014.7,1
23.9,52.2,1028.4,1
23.3,69.3,1015.4,0
24.9,54.3,1009.0,0
23.5,77.1,1013.0,1
29.0,74.4,1014.2,0
16.9,84.4,996.3,1
19.7,58.1,1040.1,0
19.7,70.5,1018.2,0
29.8,49.5,1015.1,0
33.6,80.5,1019.2,0
24.5,77.8,1020.1,0
24.2,77.4,1011.6,1
25.4,70.0,1006.7,0
30.8,76.2,1019.0,1
20.4,94.1,1016.9,0
26.2,65.7,1004.9,1
29.9,72.1,1027.2,0
27.5,53.7,1015.9,1
25.9,57.0,1020.3,1
30.0,71.5,1026.9,0
11.5,86.6,1013.2,0
28.4,66.2,1016.2,0
21.7,66.5,1021.1,0
15.8,63.9,1005.8,0
27.6,62.0,1013.5,1
31.9,74.4,1014.3,1
24.3,47.5,1003.4,1
29.8,89.2,1036.2,1
33.1,60.0,998.9,1
31.6,80.8,1000.0,1
33.2,51.0,1026.1,1
28.7,80.0,1020.1,1
25.4,80.1,1002.7,0
17.0,75.8,1019.1,1
23.8,55.1,1027.7,0
20.8,73.7,1012.7,0
35.9,52.3,1039.0,0
24.1,66.2,995.8,1
25.6,85.4,1019.9,1
27.8,82.0,1024.7,1
25.2,70.2,1021.9,1
33.5,55.4,1011.0,1
21.9,79.7,1010.1,1
26.0,70.3,1017.4,0
21.3,35.2,1021.2,0
18.4,81.7,1019.0,1
21.9,69.6,1023.4,1
24.8,88.0,1002.8,1
22.9,53.6,1010.7,1
21.5,22.3,1003.6,0
18.0,74.2,1009.1,0
24.6,74.4,1023.2,0
17.5,44.6,1014.1,0
28.8,55.3,1039.1,0
25.4,111.3,1014.9,1
17.7,65.4,1013.6,1
23.5,81.0,1014.1,1
21.2,60.2,1006.6,1
26.6,38.6,1012.4,0
31.7,67.4,1024.3,0
15.6,66.0,1014.1,0
25.6,64.0,1005.1,0
24.2,68.3,1003.7,0
28.4,74.0,1008.5,0
26.1,67.7,1013.7,0
21.2,51.0,1024.9,1
23.4,77.3,999.6,1
21.0,40.8,1009.8,0
30.4,39.2,1014.4,0
25.1,81.1,994.7,1
34.5,77.6,1004.7,0
24.7,69.1,1006.2,1
21.5,49.1,1005.0,1
17.4,59.4,1014.9,1
16.0,66.1,1011.4,1
17.1,46.1,1007.4,0
26.3,58.9,1017.3,0
27.5,79.8,1030.2,0
17.1,91.4,1029.4,0
29.5,63.7,993.8,0
22.6,81.3,1018.8,1
25.7,41.3,1011.2,0
33.1,79.9,1014.6,1
29.5,57.9,1009.0,0
23.7,74.6,1014.2,0
20.5,66.3,1014.5,1
14.2,89.8,1007.2,1
21.4,56.9,1004.0,0
23.9,79.4,1008.5,1
20.1,65.8,1015.3,0
24.3,67.6,1019.0,1
25.4,67.2,1021.5,0
23.9,57.3,1008.1,0
21.7,69.8,1015.8,1
25.8,69.1,1022.6,0
27.2,73.6,1024.7,0
19.5,71.3,1012.4,0
32.1,82.0,1010.8,0
24.5,83.9,1014.9,1
25.1,54.2,1001.5,1
28.5,83.0,1011.1,1
26.2,52.2,1020.4,0
29.8,78.8,1019.4,1
26.4,79.3,1010.3,1
21.9,41.3,1015.2,1
26.8,71.4,1004.8,1
19.3,63.0,1020.0,0
25.5,58.6,1012.2,1
24.8,90.3,1010.2,1
24.0,60.2,1009.4,0
24.4,57.9,1012.4,1
15.6,71.1,1008.5,0
22.3,80.3,1019.6,0
25.5,67.9,1009.0,0
25.8,87.5,1028.9,1
19.9,78.0,1027.7,1
31.3,37.3,1004.1,1
20.7,62.1,1013.7,0
29.8,61.6,1006.5,0
27.1,77.2,1009.7,1
21.8,30.6,1033.0,1
33.9,108.2,1009.9,1
19.0,78.0,1016.6,0
29.6,72.2,1018.4,0
30.0,87.7,1003.0,0
21.6,105.2,1004.4,1
32.0,83.1,1000.9,1
23.7,84.2,1004.1,1
26.4,72.0,984.5,1
26.3,67.9,1018.4,1
24.3,62.9,1033.5,1
29.1,57.6,1014.5,0
29.0,59.7,998.8,1
16.3,49.7,1006.6,1
31.5,68.9,1008.4,0
16.7,44.7,1002.8,1
30.2,72.9,1021.6,0
30.6,69.5,1021.1,0
19.5,72.2,1001.4,0
22.9,62.2,1020.3,0
19.5,116.2,1028.3,1
23.9,90.4,1032.0,0
23.5,51.3,1041.7,0
28.9,73.5,1004.0,0
31.6,60.9,1041.2,1
32.0,54.8,1009.5,0
22.2,49.9,1007.1,1
24.0,76.5,1016.3,1
16.6,59.8,1007.2,0
21.0,84.5,1017.0,1
29.8,84.9,999.8,1
33.1,90.6,1010.6,0
18.8,57.2,1025.9,0
22.0,77.1,1012.4,0
24.9,79.5,1014.4,0
26.4,62.9,1017.8,1
21.0,58.4,1024.7,0
27.1,94.1,996.4,1
22.6,73.4,1018.8,0
24.9,79.5,1010.3,0
27.7,57.7,1014.7,0
25.0,51.7,1023.6,0
22.8,61.5,1001.1,1
24.5,68.1,1002.9,1
24.6,54.0,993.6,1
23.1,69.9,1007.5,1
23.7,44.7,1026.3,0
33.0,53.2,1011.8,1
27.8,80.1,999.6,1
23.5,79.1,1008.1,1
28.5,64.1,998.1,0
23.3,54.7,1001.7,0
30.9,54.6,1016.9,0
26.8,64.4,1001.3,1
24.5,79.7,1024.1,1
27.2,83.9,1012.3,1
17.1,62.6,1013.9,0
19.4,52.7,1010.2,0
19.0,74.0,1020.7,0
25.7,57.6,1020.8,0
33.7,62.2,1016.4,0
36.2,89.9,1018.6,0
28.2,82.4,1010.9,0
27.5,72.4,1018.4,0
16.0,50.9,1009.6,0
22.3,73.2,1013.0,0
21.1,85.9,1010.3,1
21.9,64.4,1008.4,0
24.2,90.3,1006.1,1
22.6,89.4,1017.7,1
15.1,95.0,1026.1,1
28.7,74.6,1024.7,0
19.6,78.8,1000.4,0
26.2,91.2,1025.9,1
35.4,76.7,1009.8,0
20.4,62.5,1019.0,1
12.3,63.3,1003.9,0
23.6,73.6,1014.4,0
30.5,50.6,1016.1,0
34.8,67.9,998.2,1
18.9,86.4,1019.1,1
27.5,37.1,1026.5,1
22.7,93.0,1011.3,1
24.5,86.8,1026.6,0
38.2,63.1,1011.1,1
17.5,78.2,1021.5,1
26.3,70.0,990.8,1
27.3,88.4,1037.2,0
30.4,84.7,1028.0,1
25.5,49.0,1010.2,0
26.5,78.8,993.3,1
23.0,66.9,1015.9,1
26.3,71.2,998.6,1
23.3,59.1,1017.4,1
28.1,96.2,1017.1,0
23.2,85.6,1003.6,1
26.9,58.9,1024.2,1
24.9,50.0,1021.1,0
30.6,64.2,1022.8,0
24.7,76.5,1013.1,1
16.1,73.6,998.8,0
31.3,88.8,1022.8,1
20.5,81.8,1010.3,1
21.7,84.5,999.1,1
22.0,74.9,1026.5,0
31.9,49.2,1034.0,0
14.3,67.1,1012.6,0
40.7,85.9,1034.6,0
30.3,69.2,1013.9,1
26.1,77.5,1009.2,0
24.7,65.2,1006.7,1
26.4,54.6,1029.4,0
27.6,68.1,1005.2,0
28.2,74.6,1020.4,0
27.8,60.2,1007.4,1
25.4,66.5,1008.4,1
24.0,55.9,1023.3,1
24.2,86.8,1009.2,1
24.0,65.6,1009.0,1
30.7,91.8,1024.3,0
28.0,92.9,1029.0,1
10.3,68.8,1019.4,0
28.3,54.9,1006.5,0
26.0,38.7,1007.9,1
24.9,47.9,1013.8,0
23.1,49.4,1016.2,1
30.6,90.7,1003.1,1
29.7,71.7,1020.2,0
21.1,75.8,1013.9,1
27.0,36.7,995.8,1
20.1,52.0,1003.7,0
18.1,83.3,1008.0,0
21.9,74.3,1012.3,0
29.3,67.8,1031.9,0
29.8,78.5,1015.4,1
27.6,94.5,1004.6,1
28.6,66.7,1015.2,0
27.6,71.0,1009.5,0
21.8,72.9,1016.2,0
27.2,105.9,1018.8,1
29.0,38.5,1025.1,0
28.8,80.2,1012.8,1
30.9,68.3,1029.4,0
28.5,78.5,1022.1,1
26.8,60.1,1005.9,1
30.4,69.3,1035.1,0
24.9,80.7,1016.3,1
20.6,116.7,1004.6,1
24.2,82.1,1029.5,1
21.3,57.3,1033.8,1
21.6,63.6,1012.7,0
24.3,63.2,1008.0,1
21.0,43.1,1011.3,1
23.5,65.0,1020.1,1
15.5,81.0,1025.8,0
26.1,50.9,1018.7,0
25.0,85.7,1014.0,1
20.9,77.3,1028.0,1
28.3,59.0,1009.9,0
29.7,67.9,1023.3,0
17.0,94.0,1010.1,0
21.2,81.0,1017.3,0
21.2,70.1,1011.9,1
20.3,66.4,1012.4,0
29.1,71.1,1009.2,1
24.0,62.3,1026.4,1
23.7,38.4,1005.7,1
15.0,100.6,1005.6,1
28.2,72.3,1034.2,0
18.8,76.0,1022.8,1
25.3,69.1,989.1,1
26.4,59.0,1007.3,0
31.8,67.2,994.9,0
18.5,46.0,1003.5,0
9.9,104.2,981.6,0
25.9,51.5,1011.6,1
34.0,54.5,1001.6,0
31.2,63.4,1013.6,0
26.0,89.3,996.7,1
22.5,70.2,1013.8,0
29.0,51.5,1008.9,0
20.1,88.8,1028.0,0
27.4,81.0,1027.1,1
27.5,78.1,1020.9,1
30.3,80.7,1009.7,1
38.8,105.9,1032.9,0
27.0,102.8,997.5,1
22.5,59.7,999.0,1
24.9,94.4,1012.2,1
16.2,75.7,1035.5,0
21.5,77.5,1011.0,1
23.0,44.6,1011.2,0
22.4,67.4,998.6,0
25.8,57.8,1022.5,0
20.9,82.4,1022.5,1
30.6,86.1,1020.9,0
25.0,38.9,1006.7,0
25.0,69.7,1005.9,0
23.4,86.8,1000.1,1
25.8,67.2,1013.8,0
29.1,80.9,1002.2,1
20.7,75.3,1001.2,1
21.7,75.1,1008.8,0
23.5,65.9,1008.1,1
18.3,51.8,1007.6,0
20.9,53.2,1017.7,0
22.6,80.6,1013.8,0
29.4,70.3,1010.1,1
26.3,67.9,1014.8,0
26.0,63.6,1003.1,0
29.3,65.4,1014.1,1
24.3,85.7,1014.5,1
27.0,65.0,998.0,0
24.5,49.9,1023.0,1
26.3,81.2,1004.2,0
22.1,66.9,1013.9,1
12.8,70.5,1024.6,0
24.3,94.1,1022.3,0
32.1,69.7,1013.3,0
29.6,74.3,1009.4,0
29.8,52.3,1022.5,0
31.2,66.7,1019.7,0
25.4,79.1,1006.8,1
26.0,46.7,1005.1,1
21.9,73.0,992.3,1
23.4,71.5,1014.5,0
28.1,70.6,1012.2,0
31.0,85.6,1024.4,1
24.3,75.0,1016.6,1
22.7,92.2,1026.3,1
25.0,55.1,1006.0,1
28.0,72.0,1024.4,0
17.8,71.3,1007.7,0
13.5,54.0,1020.8,0
22.2,84.3,998.4,1
18.9,104.9,1015.4,1
22.5,69.7,993.2,0
24.3,77.6,1010.3,1
22.7,71.3,1017.4,0
32.3,59.3,1007.8,0
26.6,42.7,1002.5,1
26.5,59.4,1021.5,0
28.1,49.1,1012.0,0
19.3,95.6,1008.1,1
30.2,68.3,1013.4,0
24.6,64.8,1039.4,1
28.4,83.3,1024.5,1
19.6,53.2,1024.6,0
17.2,58.5,1017.4,0
29.1,71.0,1014.7,0
26.9,85.4,989.0,0
20.5,77.5,1006.2,1
20.7,73.7,1008.2,1
30.6,71.2,994.3,0
19.1,76.0,1001.4,1
33.2,73.0,993.2,0
20.5,54.6,1012.6,1
28.2,70.7,1021.2,1
23.4,53.9,1024.1,1
28.0,71.2,1017.1,0
22.3,62.8,1003.4,1
24.2,108.1,993.7,1
25.2,69.4,995.4,1
20.0,48.9,1000.3,0
28.7,68.0,1004.1,0
22.4,77.8,1011.4,0
23.9,95.1,1002.9,1
20.0,61.2,1016.4,0
12.2,46.3,1010.7,1
24.0,82.3,1013.1,1
37.1,49.3,1024.4,0
28.9,63.5,1001.2,0
24.9,66.1,1017.2,1
23.7,69.0,1012.9,1
25.1,80.3,1009.7,1
27.7,59.7,1021.9,1
19.1,65.9,1021.8,1
30.6,69.8,1003.5,0
28.6,72.2,1011.2,0
28.6,71.5,1015.8,0
27.2,76.5,1010.3,0
25.1,82.7,1018.9,1
28.4,75.9,1015.8,0
28.0,76.8,1031.3,1
23.2,46.3,997.7,0
22.1,70.8,1011.8,0
25.5,77.2,1003.9,1
32.7,80.9,1019.0,1
18.8,59.6,996.8,0
17.7,60.1,1016.5,0
25.8,61.4,1006.7,1
25.3,78.0,1005.7,1
25.9,85.5,998.5,1
26.2,63.9,1008.3,1
23.9,83.6,1023.8,1
32.4,71.9,1012.7,0
17.0,68.1,1019.3,1
20.9,66.8,1029.6,0
24.5,81.2,1015.6,1
16.8,74.9,1007.4,0
24.1,104.1,1017.7,1
33.3,57.2,1007.6,0
25.1,77.8,1008.0,1
26.2,62.1,997.8,1
18.7,57.0,1022.3,0
21.9,69.8,1009.1,0
23.1,72.1,1014.8,0
23.4,113.8,1002.6,1
31.4,67.2,1017.4,0
27.8,53.0,1005.4,1
19.4,74.1,1011.6,1
26.2,38.9,1021.8,0
27.5,68.6,1020.9,1
30.7,70.2,1012.8,0
32.9,81.9,995.3,1
19.9,84.6,1042.9,1
20.9,62.4,1030.5,0
18.7,67.7,1020.2,0
23.8,58.5,1005.5,1
27.3,53.1,1011.9,0
29.9,74.6,1007.6,1
24.6,50.9,1025.6,0
23.4,63.8,1015.6,0
25.8,55.1,1005.2,0
20.8,78.2,1008.3,1
35.4,97.0,1024.2,1
17.0,50.5,1029.0,0
25.9,42.2,1028.3,0
35.1,68.1,1020.6,0
25.0,70.2,1010.5,0
24.0,73.3,980.6,1
23.2,63.3,1016.0,0
24.1,67.0,1013.0,0
31.9,75.5,1014.4,0
13.9,85.6,1013.5,1
32.7,40.7,999.7,1
17.9,64.5,1018.6,0
23.7,73.2,1019.3,0
22.9,56.2,1019.8,1
27.9,96.0,1022.5,1
17.0,60.5,1019.0,0
27.3,69.4,1008.9,1
35.1,78.3,1012.3,1
18.2,61.1,1013.9,0
25.9,42.3,1014.1,1
21.7,63.6,1023.0,0
27.1,85.4,1019.4,0
25.1,64.9,1033.8,0
21.8,57.3,1035.1,0
27.4,83.9,1013.8,1
34.0,65.0,974.6,0
24.0,62.3,1025.4,1
28.6,72.2,1007.6,1
18.5,81.6,1005.0,0
20.2,105.7,1009.0,1
27.4,82.4,1008.5,1
32.4,87.4,1019.1,1
26.8,62.4,997.4,1
23.4,54.6,1002.2,1
25.0,70.9,1016.4,1
18.7,71.6,1019.2,0
28.0,53.8,1019.4,0
29.4,67.4,1005.1,1
22.7,76.0,1003.2,1
22.6,75.4,1007.9,1
26.3,77.6,1015.4,0
22.8,74.4,1027.9,1
24.7,62.4,992.5,1
35.5,62.3,1010.8,0
23.8,52.0,999.7,0
23.2,96.8,996.5,1
21.8,70.2,1022.7,0
28.7,66.6,1018.4,1
24.1,56.1,1017.5,1
21.8,114.0,1022.2,1
31.6,53.9,1008.2,0
32.1,63.6,1008.7,0
22.0,76.2,1034.9,1
15.7,79.0,1010.5,1
30.0,84.4,1020.4,1
21.6,97.1,1013.1,1
29.0,77.6,994.5,1
15.1,54.2,992.6,0
29.5,66.1,1007.2,0
18.9,74.6,1023.6,1
28.7,101.0,1020.9,1
25.1,49.0,1022.1,1
20.2,88.0,1003.1,1
23.0,72.7,1029.2,0
28.4,82.6,1003.4,0
25.5,68.5,1015.1,0
27.9,57.4,1012.9,0
34.9,81.3,1011.3,0
17.2,79.8,1026.4,0
33.1,84.6,1005.9,1
25.5,69.8,999.5,1
20.5,61.0,1013.2,0
18.3,46.6,1009.0,0
24.1,82.3,1046.8,1
29.6,76.4,1019.8,0
24.4,55.5,1008.9,0
32.6,61.9,1002.4,0
17.7,63.0,994.2,0
24.9,47.8,1002.7,0
18.7,57.7,1014.1,0
26.8,53.0,1027.3,1
29.4,63.8,1024.2,1
22.9,58.9,1015.3,0
12.0,45.6,1009.8,0
26.0,100.3,1015.7,0
27.2,88.8,1007.8,1
27.0,58.3,1030.2,1
31.2,74.1,1011.1,0
19.6,76.3,1012.1,1
28.4,87.9,990.8,0
31.0,57.7,1011.0,0
16.1,86.4,1021.4,0
26.6,61.8,1002.3,0
22.5,50.0,1005.5,1
24.6,80.9,1020.9,0
26.7,89.4,998.2,1
22.6,108.8,1023.6,1
21.6,52.0,1007.7,0
25.2,80.5,1009.1,0
19.6,63.9,1001.8,1
19.6,81.8,1016.8,1
28.4,47.9,1037.6,1
19.3,51.1,1020.8,0
28.3,58.4,1004.4,0
27.3,71.2,1024.4,0
16.4,60.4,1009.8,0
21.6,79.9,1026.7,0
31.0,85.4,1021.1,1
20.1,79.0,983.6,1
22.7,94.3,1003.0,0
27.3,76.2,1022.4,0
28.9,51.7,1014.5,0
23.7,90.5,1002.8,1
22.0,60.9,1006.7,0
32.1,83.7,993.9,1
33.7,93.6,1012.1,0
29.9,76.9,1035.1,0
25.4,47.6,1021.0,1
21.0,56.2,1034.9,0
20.8,89.8,1021.8,1
27.6,67.5,1023.3,1
27.1,71.2,1032.7,0
32.0,81.4,1016.8,1
28.3,80.4,1011.1,0
17.5,74.2,1023.3,1
30.3,66.9,1027.5,0
20.0,65.3,1008.2,1
23.1,82.9,1005.8,1
26.3,78.3,1014.4,1
35.0,66.1,1021.3,0
40.5,86.2,1021.0,0
28.0,68.1,998.8,0
24.1,57.2,1032.1,0
27.7,58.6,1006.6,1
29.4,55.3,1010.3,1
23.4,65.9,1004.0,1
34.0,88.5,1040.0,1
26.2,57.9,1015.4,0
27.5,72.8,1004.5,0
28.3,60.1,1021.6,0
27.1,66.1,1020.7,1
29.2,47.3,1011.1,0
21.9,66.7,1021.4,1
22.2,67.1,1004.7,1
19.5,78.1,1008.1,1
27.2,73.3,992.9,1
28.9,52.0,999.8,0
27.3,86.3,1031.1,1
33.4,73.2,1029.4,1
25.0,73.0,1013.7,0
28.3,69.9,1029.6,0
19.5,62.2,1011.4,0
23.1,73.3,1010.6,1
28.5,77.1,1013.6,0
29.2,43.8,1011.8,0
23.5,61.9,1010.8,0
24.6,66.2,1024.4,0
17.4,73.8,1014.5,1
23.2,87.9,1020.1,1
29.5,58.4,1023.3,0
27.9,62.5,1016.9,1
27.5,62.3,1003.3,0
25.2,58.0,999.5,0
25.0,64.8,1014.5,0
21.7,81.6,1011.3,1
28.5,54.2,1013.9,0
27.1,76.4,1012.8,0
27.5,44.5,1038.8,1
22.4,61.6,999.7,0
14.2,65.1,993.1,1
30.5,95.1,1016.3,1
22.6,65.9,1009.2,0
20.7,37.0,1016.2,0
28.5,40.0,1018.8,1
23.0,70.5,1025.8,1
30.3,79.2,997.9,0
28.1,75.6,1007.4,1
28.4,72.5,1017.3,0
18.2,87.4,1020.7,1
31.1,61.9,1034.9,1
26.3,83.4,1022.6,1
23.2,45.5,1012.4,1
25.7,56.4,1004.1,1
16.1,42.9,1007.4,1
27.0,65.9,1007.1,1
19.9,69.3,1019.6,0
18.2,71.7,1015.6,0
17.4,70.9,999.8,1
30.6,56.1,1008.6,0
21.9,67.1,1021.8,1
32.7,47.5,1016.5,0
22.3,90.4,1018.7,1
16.5,65.4,1016.8,0
19.4,62.7,1029.3,0
31.2,93.8,1015.4,1
24.2,51.4,1009.1,1
22.3,53.1,1003.8,1
25.8,53.6,1015.5,0
27.5,69.0,988.6,1
30.6,76.5,1011.2,0
32.2,81.1,1010.9,0
23.2,108.6,999.4,1
18.4,36.3,1003.7,0
22.9,79.1,1021.1,0
26.3,61.6,1015.3,0
20.2,61.2,1014.0,0
20.2,60.7,1016.1,0
26.7,56.4,1013.9,0
24.8,95.3,1025.4,1
25.2,82.6,1014.2,0
21.2,70.3,998.4,1
23.8,90.3,1029.3,1
20.4,47.3,1016.7,1
29.5,50.0,1007.1,1
30.2,37.3,1000.5,1
15.8,59.5,1017.0,0
20.4,72.4,1011.8,1
17.5,71.5,1028.7,0
21.7,72.2,1009.5,0
24.6,48.8,1004.6,1
17.8,82.0,1022.0,1
20.4,73.6,1022.3,0
20.0,81.0,1014.7,0
26.0,41.6,1019.8,0
25.3,74.7,1012.6,0
21.4,52.2,1015.3,0
25.9,64.0,1024.6,0
22.3,78.0,1019.3,0
23.6,71.4,1011.3,0
33.4,57.2,1026.5,0
31.7,70.1,989.4,1
18.5,47.0,1033.5,0
29.1,87.3,995.9,1
29.1,66.9,1006.7,0
19.3,86.8,1012.6,1
29.1,62.1,1011.5,0
32.7,62.1,1023.1,0
19.4,58.5,1002.4,1
20.4,83.1,1015.6,1
30.1,59.4,1007.2,0
26.4,79.7,1016.0,1
27.8,64.3,1012.4,1
26.7,40.4,1013.9,1
27.0,61.4,1007.5,1
18.4,52.3,1007.9,1
30.2,70.5,1015.9,0
30.8,52.1,1022.4,0
23.9,83.9,1007.0,1
24.8,68.6,1004.3,1
17.3,67.3,1019.1,1
27.6,79.8,1012.7,1
27.9,84.5,1021.3,0
24.7,69.7,1003.9,1
30.6,58.4,995.2,0
23.3,43.4,1007.7,1
27.8,59.7,1005.3,1
19.9,60.7,1012.2,1
24.9,71.6,1006.6,1
24.1,64.8,1020.4,0
26.1,80.3,1010.1,1
23.2,60.8,1014.5,1
24.3,69.1,1014.6,0
29.1,87.8,1014.9,0
22.8,75.1,1012.8,1
17.0,69.1,1018.1,0
33.7,61.0,1005.0,0
31.9,60.5,1027.0,0
18.5,57.2,1010.6,0
28.4,61.9,999.9,0
22.5,81.3,1014.9,1
26.3,66.7,1004.5,1
26.5,49.8,1019.7,1
23.8,96.5,1035.1,1
21.1,74.8,1005.1,1
21.5,48.9,1016.3,1
20.4,63.4,995.4,0
20.8,71.7,1017.5,0
24.7,95.6,1004.1,1
21.4,53.4,1006.8,1
28.4,84.6,1002.0,1
32.4,91.0,1020.3,0
22.1,60.6,1023.1,0
26.2,65.8,1013.2,1
27.5,54.5,1004.4,1
27.4,66.9,1028.9,0
25.4,69.5,1005.5,1
28.7,79.9,991.4,0
27.4,86.4,1017.6,1
18.8,58.8,1002.0,0
29.3,40.5,1022.9,0
29.4,69.7,1009.2,0
21.2,74.4,1019.0,1
25.2,73.7,1027.0,0
28.4,65.1,1000.9,0
24.0,71.9,1007.3,0
30.4,92.7,1012.2,0
36.8,75.7,1028.4,1
21.1,64.4,1006.4,0
18.1,62.5,1007.1,0
26.5,67.5,1017.8,0
28.6,94.6,1007.2,1
23.8,67.3,1014.5,0
32.3,69.7,997.5,0
18.3,62.8,1035.1,0
28.5,86.5,999.5,1
22.0,99.4,1009.8,1
33.6,76.8,1012.7,1
35.0,71.2,1032.1,0
21.2,70.6,999.8,0
22.3,34.2,1032.8,0
29.3,81.2,1020.6,1
23.1,72.0,1017.2,0
24.8,76.4,1003.2,1
25.1,59.3,1018.7,1
15.4,64.2,1005.8,0
24.9,63.8,1025.7,0
21.6,85.3,1003.3,1
22.5,64.3,1011.9,1
32.2,101.2,1007.4,1
18.7,76.5,1003.1,0
29.1,50.9,1020.4,0
23.6,68.1,1018.4,1
23.6,60.2,1025.1,0
29.0,37.1,995.2,0
26.7,94.0,1023.6,1
27.9,80.5,1038.1,1
29.8,78.0,1008.5,1
23.3,72.5,1032.0,0
21.9,49.3,1010.4,1
19.6,62.7,999.3,1
20.9,82.6,1009.9,0
39.7,54.2,1023.5,0
31.2,32.0,1004.6,0
18.2,66.6,1007.0,0
18.4,67.9,1018.9,0
27.4,72.0,1013.0,0
27.7,80.9,1018.8,1
27.7,79.6,1015.4,0
23.7,73.9,1017.8,1
24.4,87.9,1008.7,0
26.6,47.2,1015.3,1
25.4,77.6,1003.7,1
13.9,79.4,1025.9,0
23.9,51.4,1006.7,1
20.7,47.5,1024.3,0
25.9,58.8,1010.7,0
39.9,60.1,1015.0,0
26.8,81.3,1008.1,0
23.4,60.8,1002.8,1
29.6,57.2,995.6,1
27.4,60.8,1002.4,1
27.1,86.8,1009.8,1
28.0,70.2,1015.1,1
35.3,67.3,1023.1,0
19.3,68.3,1008.5,1
27.4,89.4,1004.2,1
20.4,58.8,998.6,1
27.8,89.7,1017.8,0
20.4,73.2,1026.8,0
22.9,67.6,1025.7,1
23.5,107.5,1020.1,0
29.9,54.2,1019.4,1
29.6,64.7,1030.0,0
18.8,51.5,1016.3,0
25.3,84.3,1019.5,1
21.5,95.3,1009.8,1
18.7,95.0,999.4,0
23.9,88.4,1006.2,1
23.5,67.0,1012.9,0
37.1,64.5,1013.6,1
27.2,44.9,1032.3,1
18.1,100.5,1013.8,1
22.2,77.0,1024.8,1
30.1,62.6,1008.6,0
35.4,89.9,1009.9,0
17.1,55.4,999.7,1
15.6,76.1,1005.6,1
34.4,67.4,1018.3,0
26.9,79.6,1013.1,0
20.7,69.0,1022.4,0
27.7,48.2,1014.8,0
11.8,71.1,1009.5,0
25.0,85.7,1034.5,0
26.6,69.6,1012.1,0
29.6,81.6,1024.6,0
19.9,54.3,1009.0,1
25.4,69.6,1020.1,0
20.4,60.6,1022.3,0
26.3,81.2,1015.1,1
20.5,70.5,989.5,1
23.0,80.4,1013.2,1
20.0,86.3,1025.3,0
28.3,80.4,1018.3,1
29.3,74.1,1017.5,0
23.8,55.0,995.8,0
25.2,70.0,1005.8,0
17.8,62.0,1017.1,0
23.5,64.8,1017.1,0
24.7,64.4,1025.1,0
38.1,55.3,1011.6,0
19.4,40.6,1017.1,0
32.3,60.0,1013.2,0
30.0,72.9,1003.1,0
26.4,49.8,990.4,0
33.8,70.2,1017.3,1
26.9,98.5,1014.7,1
26.9,85.3,1006.8,1
24.7,94.7,996.8,1
31.1,75.9,1019.3,1
30.5,87.5,1010.3,1
21.9,59.1,1018.6,0
18.4,60.3,1031.6,0
24.0,28.9,991.6,1
21.0,87.8,1006.0,0
24.7,93.1,1010.9,1
31.2,61.7,1027.5,1
22.7,66.2,996.6,1
24.8,58.7,1032.4,1
25.3,75.7,1014.4,1
29.2,86.9,1012.0,1
13.8,43.9,1011.0,0
22.0,76.1,1008.6,1
26.1,65.8,1023.5,1
31.0,71.7,1002.3,0
22.5,76.9,1016.5,1
15.6,67.2,1009.2,0
28.1,68.4,1005.4,0
21.8,66.8,1038.9,1
19.1,84.6,1017.2,0
21.9,76.3,1019.1,1
24.1,73.3,1024.4,1
22.0,50.9,998.8,0
14.0,64.3,1030.5,0
29.5,83.5,987.9,0
31.4,70.6,1005.3,0
28.3,79.9,1008.4,1
19.3,96.5,1018.8,0
24.0,85.6,1015.2,1
25.0,71.4,1011.3,0
28.0,62.3,1012.9,0
28.3,31.7,1003.2,0
21.3,67.5,998.0,1
25.4,65.1,1020.3,0
27.3,75.9,1019.9,1
32.3,67.7,1028.8,0
28.5,65.2,1005.1,0
28.9,43.3,1019.9,1
25.4,55.9,1010.2,0
32.1,77.1,1024.9,1
27.0,95.7,1023.2,0
20.7,68.5,1015.1,1
32.0,74.9,1009.6,0
28.5,84.3,1022.6,1
22.8,57.8,1019.5,0
22.6,75.5,1006.2,1
26.5,58.9,999.7,0
27.3,83.0,1010.1,1
26.0,72.3,1028.2,1
26.6,74.5,1024.5,1
33.5,58.3,1001.9,0
30.4,80.6,1001.3,0
26.0,101.3,1025.7,0
29.7,54.9,1001.6,1
19.8,64.9,1018.1,0
27.0,73.5,1006.8,0
34.0,81.8,1029.2,1
23.9,61.6,1005.3,1
20.8,27.5,1024.4,0
21.7,90.4,1014.8,1
19.6,81.4,1015.5,1
21.1,43.9,993.3,1
23.1,60.9,991.0,0
18.0,93.5,1010.8,1
25.1,91.7,1015.5,1
29.5,84.1,1001.7,1
20.5,67.4,1002.1,1
32.6,71.2,1018.6,1
27.6,68.0,1018.6,0
30.2,86.9,1011.6,1
21.7,56.9,1020.8,0
29.3,57.9,1001.3,1
19.5,85.2,1009.4,0
29.5,69.3,1029.5,0
25.9,90.7,1013.7,1
27.8,59.9,1014.3,0
19.1,69.2,1036.1,0
20.5,56.2,999.0,0
28.0,70.1,1021.0,0
20.3,47.8,1029.6,0
27.3,62.7,1009.8,0
18.2,48.5,1021.6,0
29.2,80.4,1003.2,1
18.8,80.7,1006.1,1
27.8,44.0,1016.8,0
28.1,90.0,1021.0,0
21.5,107.5,1024.2,0
27.9,70.7,1028.7,1
26.3,60.4,1012.3,0
22.3,112.4,1024.9,1
20.0,50.2,1009.6,0
15.2,70.3,1022.0,1
26.7,72.7,1015.1,1
17.2,90.2,1017.5,0
25.5,75.4,1017.2,1
23.7,62.5,997.0,0
28.4,55.7,1001.8,0
23.5,64.9,1014.0,1
23.4,54.9,996.1,1
28.7,70.7,1021.3,0
26.7,61.5,1021.7,1
26.6,47.6,1016.3,0
27.3,88.8,1001.8,0
17.3,62.5,1026.8,0
28.8,51.0,1033.4,1
28.1,67.5,1014.5,0
19.9,71.0,1018.1,0
23.8,43.8,1015.0,1
24.8,75.0,1018.3,1
24.3,54.3,1011.8,0
26.7,95.7,1012.7,0
32.2,77.9,1022.1,1
30.4,64.0,1036.5,0
18.4,58.8,999.0,0
28.1,68.4,1012.0,0
31.6,79.2,1001.2,0
26.9,69.6,1028.9,0
30.5,66.7,1007.1,0
35.1,70.9,998.6,0
30.1,60.9,1019.4,0
26.2,64.9,1030.4,0
30.2,38.7,1019.6,0
25.7,84.6,1015.0,1
25.1,74.5,1017.1,1
23.2,58.4,1027.1,0
32.8,98.5,1004.3,1
20.9,71.3,1011.9,0
32.7,54.5,1008.5,0
27.5,82.9,1001.3,1
18.0,76.0,1009.7,1
26.8,75.9,1024.1,0
14.5,63.6,1018.7,0
28.1,76.8,1019.4,1
29.4,66.1,1014.5,0
22.0,78.3,1018.2,1
25.6,41.4,1005.0,1
34.8,63.5,1009.9,0
22.5,95.8,1014.9,1
19.7,58.5,1015.8,0
32.4,60.9,1016.2,1
34.8,63.3,1011.6,0
25.0,51.8,1009.2,1
30.1,36.9,1044.6,0
31.7,66.5,1022.1,0
21.3,72.0,1017.1,0
22.6,69.2,1010.7,0
31.2,67.8,1008.5,0
33.4,70.6,1011.7,1
27.8,85.3,1015.9,1
20.6,67.1,994.2,1
34.9,61.4,997.3,1
22.3,65.8,1006.6,1
23.3,78.7,1015.1,1
26.7,91.2,1010.6,1
32.8,60.6,1027.8,0
29.3,71.5,998.2,1
27.1,75.1,1005.5,1
27.3,55.1,1028.2,1
25.2,70.3,1014.3,0
27.8,48.0,1021.8,0
12.4,43.5,1033.5,0
23.5,75.5,1006.1,1
26.2,64.2,1012.0,0
19.2,73.0,1010.3,0
26.9,69.7,993.5,1
24.0,55.4,1009.9,0
33.8,69.3,1021.8,0
32.9,51.5,1018.4,0
22.7,90.9,1019.2,1
24.2,49.7,1009.2,1
24.6,67.1,1006.4,0
22.7,54.4,1025.7,0
26.0,78.6,1008.0,1
21.2,65.0,1015.9,1
19.3,62.2,1014.6,0
28.1,82.8,1027.6,0
28.1,70.4,1022.7,0
21.0,77.7,1000.0,1
29.5,55.3,1001.1,0
21.8,48.9,1018.8,1
26.3,71.6,1012.4,1
29.1,65.2,1008.4,1
24.8,79.4,1023.2,0
27.3,68.8,1014.9,1
22.4,73.1,1013.5,0
24.0,45.6,1020.8,0
24.0,98.3,1009.2,1
21.3,67.5,1028.7,0
24.1,80.5,1005.1,1
17.3,57.5,1019.6,0
22.5,74.6,1027.3,0
23.6,50.5,999.2,1
23.7,76.8,1009.6,1
23.8,64.7,1024.4,0
24.7,70.4,1024.6,0
27.4,80.5,1011.3,0
29.4,51.5,1005.7,1
21.8,59.7,1022.6,0
19.0,76.9,1024.8,1
19.8,101.5,1001.4,1
22.6,67.9,1001.0,1
23.2,78.9,1015.3,1
21.2,68.4,1019.3,0
18.5,99.1,1010.0,1
22.7,43.8,1019.8,0
25.9,71.4,1005.9,1
28.0,45.6,991.9,1
22.2,32.4,1008.8,0
22.9,74.5,1013.6,1
20.4,72.1,1010.2,0
24.8,65.7,1001.4,1
20.8,68.4,994.8,1
27.9,116.5,1007.9,1
16.1,66.1,1022.0,0
23.2,77.7,1025.6,1
26.5,60.3,1024.9,1
25.9,74.4,1004.8,1
38.5,66.4,1001.5,0
26.7,63.8,1018.0,0
20.0,97.3,1019.4,0
24.5,87.7,1017.0,1
16.1,72.1,992.9,0
24.6,35.4,1004.3,0
20.8,64.6,1012.7,0
29.6,110.5,1017.9,0
22.3,66.5,1020.7,0
24.4,86.5,1014.4,1
21.8,91.6,1016.3,0
33.7,73.3,1013.8,0
23.4,57.4,1019.9,1
34.2,33.5,1016.1,1
29.1,80.3,1013.7,0
27.4,57.8,1010.3,1
26.8,72.6,1013.8,0
27.0,51.3,1017.8,1
15.4,66.0,1015.7,1
23.6,70.5,1016.8,1
29.2,74.0,1026.4,1
24.8,53.3,1015.7,1
18.0,88.0,1006.5,1
24.7,61.0,1021.8,0
33.5,44.9,999.3,0
31.2,68.4,1002.2,0
24.7,70.5,1016.4,0
29.8,72.4,1018.2,0
23.2,90.4,1000.5,1
16.5,66.5,1009.2,0
20.4,68.2,1006.9,1
32.8,53.5,1008.1,1
23.6,82.3,1022.4,1
23.8,72.8,1020.1,1
23.5,63.7,1012.8,0
34.5,41.4,1007.5,1
33.1,91.7,999.5,0
36.1,51.6,1027.2,0
24.2,61.1,1018.9,0
26.5,75.4,1005.9,0
17.4,52.1,1020.2,0
32.4,47.6,1012.3,0
19.2,38.1,1010.1,1
26.1,80.8,1017.4,0
19.5,61.8,1005.6,0
22.1,113.9,1009.6,0
20.8,55.1,1014.2,0
22.0,56.2,1008.0,0
22.3,61.5,1019.7,1
22.3,73.6,1031.7,1
29.2,62.9,1005.5,0
19.5,79.2,996.3,1
26.1,55.3,993.0,0
31.1,49.3,1011.5,1
22.4,43.0,1006.4,0
21.4,36.6,1015.1,0
23.8,62.2,1014.3,0
30.9,65.5,997.0,0
26.0,60.5,994.9,0
22.3,88.7,1016.0,1
27.4,88.4,1014.4,0
19.5,65.0,1008.7,1
28.4,43.1,996.4,1
27.0,61.5,1017.7,0
23.5,61.0,1025.7,0
20.8,60.1,1015.8,0
20.6,59.5,1004.5,0
27.7,60.2,1013.4,0
31.1,64.2,999.3,1
21.8,60.5,1023.6,0
27.3,73.1,1013.8,1
14.6,75.4,995.3,0
22.1,56.3,1010.0,1
24.8,89.1,1017.6,1
20.5,55.3,1009.7,0
20.3,45.7,1010.2,1
21.7,75.7,1000.8,1
26.5,57.7,1018.7,1
24.1,74.8,1006.5,1
13.8,33.9,991.4,1
14.4,90.9,1009.3,1
22.0,80.1,1022.8,0
27.3,47.5,1009.1,0
11.3,47.8,1030.4,0
22.5,95.1,1017.3,1
22.4,58.9,1016.4,0
31.9,57.5,1011.7,0
23.1,36.0,1012.3,0
26.9,64.7,1010.4,0
25.7,66.6,1010.0,1
14.3,80.7,1018.3,0
28.8,49.0,1003.6,0
26.1,47.2,1002.2,1
27.5,76.8,1001.8,1
44.6,85.1,1033.5,1
14.6,46.4,1018.3,0
33.6,86.2,1016.0,1
23.6,70.6,1002.4,0
26.4,86.4,1019.2,0
24.8,68.9,1011.8,0
22.9,32.2,1015.1,1
22.2,67.7,1003.2,1
26.6,85.9,1014.6,0
17.4,56.6,1008.8,1
28.8,64.2,1005.3,0
22.9,67.4,1020.3,1
19.3,26.5,997.6,1
22.7,95.1,1018.6,1
31.3,56.5,1019.8,0
22.3,77.6,1004.2,1
26.8,68.7,1004.8,1
21.3,88.9,1010.8,1
28.8,76.1,1015.8,1
28.4,66.5,1011.5,0
34.2,56.6,1017.3,0
24.1,82.0,1030.6,1
28.3,41.9,1007.9,0
25.5,79.7,995.8,1
31.5,53.5,1021.3,0
21.4,88.8,1029.8,1
28.7,72.4,1016.9,1
24.0,79.7,1002.1,1
24.7,71.2,1011.8,1
25.5,43.7,1001.8,1
26.3,57.1,1019.4,1
24.4,80.1,999.5,1
26.1,72.5,1010.0,0
32.9,87.7,1003.0,0
29.9,76.0,1014.3,0
29.3,55.5,1009.3,0
22.7,58.1,1014.8,1
20.6,71.5,1013.2,1
29.8,35.3,1003.1,1
29.4,95.1,1019.3,1
32.4,76.6,1012.5,1
22.0,88.4,1003.1,1
23.9,46.3,1035.4,1
16.8,88.7,1017.8,1
23.0,103.5,1011.5,0
30.0,50.2,1027.2,0
22.7,81.6,1031.4,0
28.2,70.0,1011.5,0
24.0,46.8,1016.5,0
26.6,77.4,1003.1,1
19.3,82.5,1011.5,1
25.4,61.0,1011.0,1
10.0,87.5,1014.8,0
24.1,45.0,1016.3,0
16.8,47.6,1018.6,1
31.0,72.0,1015.4,1
28.9,70.4,1000.9,0
27.3,59.3,1003.6,1
32.6,82.1,1007.5,1
20.3,78.0,1010.2,1
33.7,82.9,1023.5,1
29.7,68.2,1001.4,1
23.8,79.0,1009.4,1
30.7,63.3,1022.5,1
19.5,100.8,1010.0,1
20.9,57.8,1017.6,0
22.0,101.6,1011.6,1
22.4,70.5,1015.6,0
19.7,49.4,1010.7,0
31.1,90.5,1019.7,0
23.7,71.9,997.5,0
26.8,82.8,1009.4,1
22.1,88.4,1016.0,0
15.9,75.1,1018.3,1
26.4,61.1,1027.9,0
15.4,84.6,1009.1,0
24.7,70.0,1027.8,0
18.2,80.3,1006.4,0
34.9,37.7,1026.3,0
29.6,76.7,1021.2,0
25.5,60.4,1003.9,0
31.3,94.8,1016.1,0
20.8,79.3,1012.5,1
27.7,73.6,1019.3,0
26.0,77.3,1010.8,0
26.3,55.0,1009.9,0
31.4,94.3,1026.7,0
28.7,99.9,1012.0,1
26.4,75.9,1021.3,1
16.7,93.9,1010.7,0
20.2,61.5,1029.7,0
24.4,58.0,1006.2,1
25.5,70.6,1006.9,1
19.3,76.5,1028.2,0
37.1,64.1,1008.6,0
32.6,78.1,1029.0,0
28.0,74.6,1021.9,0
25.4,55.0,1011.5,1
23.9,77.8,994.9,1
20.2,83.0,1012.8,1
25.4,72.6,1014.0,0
26.3,87.3,1024.7,1
18.8,51.7,1028.9,0
26.7,77.0,1006.2,1
24.2,52.4,1021.0,0
